Site.Plot,Site,Plot,Trt,BAplot.m2.ha,StemsPlot,Tree,Species,Stem,DBH,Health,Height,Status
1.A,1,A,D,6.06375,14,11,EM,1,9.6,3,6.30936,0
1.A,1,A,D,6.06375,14,14,EM,1,22.7,3,16.82496,0
1.A,1,A,D,6.06375,14,1,EM,1,3.9,3,2.1336,0
1.A,1,A,D,6.06375,14,12,CC,1,1,1,1.8288,1
1.A,1,A,D,6.06375,14,13,EM,1,4.9,3,3.77952,0
1.A,1,A,D,6.06375,14,2,CC,1,9.2,2,4.8768,1
1.A,1,A,D,6.06375,14,4,CC,1,1.7,1,2.16408,1
1.A,1,A,D,6.06375,14,3,EM,1,6.1,3,3.62712,0
1.A,1,A,D,6.06375,14,8,EM,1,6.6,1,3.87096,1
1.A,1,A,D,6.06375,14,10,EM,1,5.2,1,2.71272,1
1.B,1,B,H,47.80513889,11,5,EM,1,10.3,1,6.67512,1
1.B,1,B,H,47.80513889,11,1,EM,2,11.3,1,9.47928,1
1.B,1,B,H,47.80513889,11,1,EM,1,13.4,1,9.47928,1
1.B,1,B,H,47.80513889,11,11,EM,1,11.3,4,0,0
1.B,1,B,H,47.80513889,11,10,CC,4,72,1,14.23416,1
1.B,1,B,H,47.80513889,11,3,EM,1,7.4,1,4.4196,1
1.B,1,B,H,47.80513889,11,10,CC,3,9.9,1,14.23416,1
1.B,1,B,H,47.80513889,11,10,CC,2,7.3,1,14.23416,1
1.B,1,B,H,47.80513889,11,9,EM,1,14,1,6.7056,1
1.B,1,B,H,47.80513889,11,11,EM,2,11.3,4,0,0
1.B,1,B,H,47.80513889,11,8,EM,1,5.8,1,4.81584,1
1.B,1,B,H,47.80513889,11,4,EM,1,10.9,1,8.80872,1
1.B,1,B,H,47.80513889,11,10,CC,1,7.8,1,14.23416,1
1.B,1,B,H,47.80513889,11,7,EM,1,15.6,1,9.63168,1
1.B,1,B,H,47.80513889,11,2,EM,1,5.3,1,3.90144,1
1.B,1,B,H,47.80513889,11,6,EM,1,6.7,1,5.05968,1
1.B,1,B,H,47.80513889,11,3,EM,2,6.8,1,4.4196,1
1.B,1,B,H,47.80513889,11,2,EM,2,7.3,1,3.90144,1
1.C,1,C,D,23.47180556,13,5,EM,4,14.4,3,4.38912,0
1.C,1,C,D,23.47180556,13,11,EM,3,8.2,2,4.8768,1
1.C,1,C,D,23.47180556,13,6,EM,2,7.1,2,9.32688,1
1.C,1,C,D,23.47180556,13,9,EM,1,3.4,2,2.34696,1
1.C,1,C,D,23.47180556,13,7,EM,2,11.2,2,9.72312,1
1.C,1,C,D,23.47180556,13,5,EM,3,12.5,3,7.07136,0
1.C,1,C,D,23.47180556,13,4,EM,2,5.8,2,1.31064,1
1.C,1,C,D,23.47180556,13,12,EM,1,5.7,2,4.48056,1
1.C,1,C,D,23.47180556,13,5,EM,2,10.6,3,7.07136,0
1.C,1,C,D,23.47180556,13,11,EM,2,12.2,2,3.71856,1
1.C,1,C,D,23.47180556,13,4,EM,1,2.5,2,2.71272,1
1.C,1,C,D,23.47180556,13,8,EM,1,7.5,2,4.69392,1
1.C,1,C,D,23.47180556,13,6,EM,1,12.6,2,9.32688,1
1.C,1,C,D,23.47180556,13,12,EM,2,7.8,2,2.86512,1
1.C,1,C,D,23.47180556,13,7,EM,1,10.9,2,9.72312,1
1.C,1,C,D,23.47180556,13,2,EM,1,4,3,2.77368,0
1.C,1,C,D,23.47180556,13,1,AF,1,2.9,3,2.07264,0
1.C,1,C,D,23.47180556,13,10,EM,2,7.4,3,4.51104,0
1.C,1,C,D,23.47180556,13,3,EM,1,4,3,2.01168,0
1.C,1,C,D,23.47180556,13,11,EM,4,9.4,2,7.04088,1
1.C,1,C,D,23.47180556,13,1,AF,2,1.4,3,2.07264,0
1.C,1,C,D,23.47180556,13,11,EM,1,6.1,2,2.62128,1
1.C,1,C,D,23.47180556,13,7,EM,3,11.8,2,9.72312,1
1.C,1,C,D,23.47180556,13,10,EM,1,39.5,3,6.88848,0
1.C,1,C,D,23.47180556,13,5,EM,1,10.5,3,7.07136,0
1.D,1,D,H,94.66409722,10,10,BG,1,5.7,3,2.92608,0
1.D,1,D,H,94.66409722,10,8,EM,1,28,1,12.43584,1
1.D,1,D,H,94.66409722,10,9,EM,1,17.3,2,9.78408,1
1.D,1,D,H,94.66409722,10,5,EM,2,15.1,1,12.61872,1
1.D,1,D,H,94.66409722,10,7,EM,1,4.4,1,3.07848,1
1.D,1,D,H,94.66409722,10,1,BG,2,1.7,2,2.01168,1
1.D,1,D,H,94.66409722,10,4,EM,1,5.7,1,3.56616,1
1.D,1,D,H,94.66409722,10,1,BG,1,2.5,2,2.01168,1
1.D,1,D,H,94.66409722,10,2,CC,2,10.1,3,19.53768,0
1.D,1,D,H,94.66409722,10,2,CC,3,84,3,19.53768,0
1.D,1,D,H,94.66409722,10,2,CC,1,12.8,3,19.53768,0
1.D,1,D,H,94.66409722,10,3,CC,1,67,1,18.4404,1
1.D,1,D,H,94.66409722,10,6,EM,1,13.6,1,9.81456,1
1.D,1,D,H,94.66409722,10,5,EM,1,15.2,1,12.61872,1
1.E,1,E,D,117.0083333,7,6,EM,3,11.3,3,3.41376,0
1.E,1,E,D,117.0083333,7,1,AF,1,10.9,3,4.69392,0
1.E,1,E,D,117.0083333,7,7,AF,1,42.7,3,12.43584,0
1.E,1,E,D,117.0083333,7,2,EM,1,87,3,17.28216,0
1.E,1,E,D,117.0083333,7,6,EM,2,8.1,3,7.1628,0
1.E,1,E,D,117.0083333,7,3,EM,1,30.1,3,10.75944,0
1.E,1,E,D,117.0083333,7,1,AF,4,9.2,3,4.69392,0
1.E,1,E,D,117.0083333,7,1,AF,3,10.5,3,4.69392,0
1.E,1,E,D,117.0083333,7,6,EM,1,17.6,3,9.47928,0
1.E,1,E,D,117.0083333,7,1,AF,2,4.1,3,4.69392,0
1.E,1,E,D,117.0083333,7,4,EM,1,47.8,3,17.64792,0
1.E,1,E,D,117.0083333,7,5,AF,1,58.5,3,13.74648,0
1.E,1,E,D,117.0083333,7,1,AF,5,3.2,3,4.69392,0
1.F,1,F,H,63.934375,15,12,EM,1,19.4,1,12.4968,1
1.F,1,F,H,63.934375,15,13,AF,1,15.7,1,6.67512,1
1.F,1,F,H,63.934375,15,2,EM,1,46.4,1,15.36192,1
1.F,1,F,H,63.934375,15,4,EM,1,12.7,1,9.47928,1
1.F,1,F,H,63.934375,15,3,AF,1,10.9,4,0,0
1.F,1,F,H,63.934375,15,11,AF,1,18.1,1,10.75944,1
1.F,1,F,H,63.934375,15,10,AF,2,38.5,1,13.80744,1
1.F,1,F,H,63.934375,15,7,BG,1,7.7,4,0,0
1.F,1,F,H,63.934375,15,14,AF,1,28.3,1,11.49096,1
1.F,1,F,H,63.934375,15,9,AF,1,29.5,1,16.39824,1
1.F,1,F,H,63.934375,15,5,AF,1,18.5,1,12.13104,1
1.F,1,F,H,63.934375,15,1,AF,1,22,1,12.10056,1
1.F,1,F,H,63.934375,15,6,AF,1,10.3,1,4.02336,1
1.F,1,F,H,63.934375,15,10,AF,1,29.7,1,13.80744,1
1.F,1,F,H,63.934375,15,15,AF,1,26.6,1,13.65504,1
1.F,1,F,H,63.934375,15,8,AF,1,9.4,1,7.13232,1
155.A,155,A,D,47.67416667,6,1,EM,1,33.5,2,20.29968,1
155.A,155,A,D,47.67416667,6,6,EM,1,34.9,3,21.15312,0
155.A,155,A,D,47.67416667,6,4,EM,1,5.2,4,0,0
155.A,155,A,D,47.67416667,6,5,EM,1,33.2,1,18.01368,1
155.A,155,A,D,47.67416667,6,3,EM,1,45.2,2,16.79448,1
155.A,155,A,D,47.67416667,6,2,CC,1,18.3,1,8.77824,1
155.A,155,A,D,47.67416667,6,3,EM,2,31.9,2,19.23288,1
155.B,155,B,H,37.99375,6,5,EM,2,19.5,2,11.8872,1
155.B,155,B,H,37.99375,6,1,BG,1,15.6,4,0,0
155.B,155,B,H,37.99375,6,4,EM,1,43.7,1,19.69008,1
155.B,155,B,H,37.99375,6,2,EM,4,8.7,4,0,0
155.B,155,B,H,37.99375,6,6,BG,1,2.8,4,0,0
155.B,155,B,H,37.99375,6,2,EM,5,19.9,1,16.33728,1
155.B,155,B,H,37.99375,6,5,EM,4,5.2,4,0,0
155.B,155,B,H,37.99375,6,5,EM,1,24.7,2,14.38656,1
155.B,155,B,H,37.99375,6,2,EM,1,12.4,1,13.22832,1
155.B,155,B,H,37.99375,6,5,EM,3,5.3,4,0,0
155.B,155,B,H,37.99375,6,2,EM,3,18.8,1,16.33728,1
155.B,155,B,H,37.99375,6,3,CC,1,35,1,17.25168,1
155.B,155,B,H,37.99375,6,2,EM,2,7.8,4,0,0
155.C,155,C,D,41.73451389,7,4,EM,1,14.5,3,13.04544,0
155.C,155,C,D,41.73451389,7,6,EM,2,6.7,4,0,0
155.C,155,C,D,41.73451389,7,1,EM,1,34.2,2,15.94104,1
155.C,155,C,D,41.73451389,7,2,EM,2,8,4,0,0
155.C,155,C,D,41.73451389,7,1,EM,2,8.7,4,0,0
155.C,155,C,D,41.73451389,7,3,EM,1,40.2,3,19.44624,0
155.C,155,C,D,41.73451389,7,2,EM,1,26.4,2,13.74648,1
155.C,155,C,D,41.73451389,7,6,EM,1,11.3,4,0,0
155.C,155,C,D,41.73451389,7,5,EM,1,10.6,4,0,0
155.C,155,C,D,41.73451389,7,7,EM,1,43.5,1,16.12392,1
155.D,155,D,H,8.198958333,5,3,EM,1,12.7,4,0,0
155.D,155,D,H,8.198958333,5,4,CC,1,6.3,4,0,0
155.D,155,D,H,8.198958333,5,1,EM,3,6.4,4,0,0
155.D,155,D,H,8.198958333,5,2,CC,1,24.9,1,15.30096,1
155.D,155,D,H,8.198958333,5,5,CC,1,14.3,1,15.02664,1
155.D,155,D,H,8.198958333,5,3,EM,2,4.6,4,0,0
155.D,155,D,H,8.198958333,5,1,EM,1,9.1,1,8.2296,1
155.D,155,D,H,8.198958333,5,1,EM,2,3.2,1,8.2296,1
155.E,155,E,D,60.89222222,8,5,EM,1,13.6,1,12.71016,1
155.E,155,E,D,60.89222222,8,4,CC,1,10.9,1,9.2964,1
155.E,155,E,D,60.89222222,8,3,EM,1,12.1,3,8.5344,0
155.E,155,E,D,60.89222222,8,7,CC,1,87.5,1,25.48128,1
155.E,155,E,D,60.89222222,8,2,EM,1,7,4,0,0
155.E,155,E,D,60.89222222,8,1,EM,1,7,4,0,0
155.E,155,E,D,60.89222222,8,8,EM,1,19.4,1,16.12392,1
155.E,155,E,D,60.89222222,8,6,EM,1,13.7,1,13.01496,1
155.F,155,F,H,41.44034722,7,7,EM,1,31.7,1,16.6116,1
155.F,155,F,H,41.44034722,7,3,CC,1,44.6,1,18.65376,1
155.F,155,F,H,41.44034722,7,1,EM,1,4.5,4,0,0
155.F,155,F,H,41.44034722,7,2,CC,1,41.1,1,19.62912,1
155.F,155,F,H,41.44034722,7,4,EM,1,22.1,1,14.9352,1
155.F,155,F,H,41.44034722,7,6,EM,1,23.2,1,16.39824,1
155.F,155,F,H,41.44034722,7,4,EM,2,9.9,1,9.7536,1
155.F,155,F,H,41.44034722,7,5,EM,1,11.8,3,11.46048,0
165.A,165,A,D,64.78659722,14,11,EM,4,5.4,3,9.32688,0
165.A,165,A,D,64.78659722,14,6,EM,1,4.3,1,3.56616,1
165.A,165,A,D,64.78659722,14,4,EM,1,29.4,3,14.14272,0
165.A,165,A,D,64.78659722,14,11,EM,10,11.3,4,0,0
165.A,165,A,D,64.78659722,14,9,EM,2,6,2,5.05968,1
165.A,165,A,D,64.78659722,14,7,EM,1,40.6,3,16.12392,0
165.A,165,A,D,64.78659722,14,9,EM,6,5.7,2,5.05968,1
165.A,165,A,D,64.78659722,14,10,EM,1,11.3,4,0,0
165.A,165,A,D,64.78659722,14,5,CC,1,12.3,3,8.04672,0
165.A,165,A,D,64.78659722,14,11,EM,6,23.1,4,0,0
165.A,165,A,D,64.78659722,14,9,EM,7,5.6,2,5.05968,1
165.A,165,A,D,64.78659722,14,9,EM,10,8,4,0,0
165.A,165,A,D,64.78659722,14,9,EM,11,8.5,4,0,0
165.A,165,A,D,64.78659722,14,9,EM,3,5.7,2,5.05968,1
165.A,165,A,D,64.78659722,14,9,EM,14,7.2,4,0,0
165.A,165,A,D,64.78659722,14,11,EM,2,5.3,3,9.32688,0
165.A,165,A,D,64.78659722,14,9,EM,9,5.6,4,0,0
165.A,165,A,D,64.78659722,14,13,EM,1,15.7,3,8.8392,0
165.A,165,A,D,64.78659722,14,9,EM,5,4.8,2,5.05968,1
165.A,165,A,D,64.78659722,14,9,EM,1,5.6,2,5.05968,1
165.A,165,A,D,64.78659722,14,11,EM,1,4.5,3,3.77952,0
165.A,165,A,D,64.78659722,14,9,EM,4,5.3,2,5.05968,1
165.A,165,A,D,64.78659722,14,11,EM,7,21.4,4,0,0
165.A,165,A,D,64.78659722,14,11,EM,5,4.9,3,4.69392,0
165.A,165,A,D,64.78659722,14,8,EM,1,5.8,1,5.7912,1
165.A,165,A,D,64.78659722,14,12,CC,1,12,3,9.144,0
165.A,165,A,D,64.78659722,14,9,EM,15,53.4,4,0,0
165.A,165,A,D,64.78659722,14,9,EM,12,4.4,2,5.05968,1
165.A,165,A,D,64.78659722,14,14,CC,1,9.5,3,5.97408,0
165.A,165,A,D,64.78659722,14,2,EM,1,12.5,3,9.26592,0
165.A,165,A,D,64.78659722,14,9,EM,13,6.1,2,5.05968,1
165.A,165,A,D,64.78659722,14,11,EM,9,6.7,4,0,0
165.A,165,A,D,64.78659722,14,11,EM,8,9,4,0,0
165.A,165,A,D,64.78659722,14,3,CC,1,9.1,3,8.13816,0
165.A,165,A,D,64.78659722,14,9,EM,8,5.2,4,0,0
165.A,165,A,D,64.78659722,14,11,EM,3,16.8,4,0,0
165.A,165,A,D,64.78659722,14,1,CC,1,27.7,3,14.05128,0
165.B,165,B,H,30.10895833,10,3,EM,1,5.5,1,4.63296,1
165.B,165,B,H,30.10895833,10,8,CC,1,32.3,1,15.05712,1
165.B,165,B,H,30.10895833,10,10,EM,3,32.5,1,14.53896,1
165.B,165,B,H,30.10895833,10,1,EM,2,5.9,1,9.38784,1
165.B,165,B,H,30.10895833,10,9,EM,1,15.5,2,10.75944,1
165.B,165,B,H,30.10895833,10,1,EM,3,10.9,1,9.38784,1
165.B,165,B,H,30.10895833,10,10,EM,1,24.4,1,14.53896,1
165.B,165,B,H,30.10895833,10,5,EM,1,26,1,17.8308,1
165.B,165,B,H,30.10895833,10,7,EM,1,9.2,2,4.4196,1
165.B,165,B,H,30.10895833,10,4,EM,1,8.8,1,6.79704,1
165.B,165,B,H,30.10895833,10,1,EM,1,13.2,1,9.38784,1
165.B,165,B,H,30.10895833,10,6,EM,1,3.5,1,2.10312,1
165.B,165,B,H,30.10895833,10,10,EM,2,13.3,1,14.53896,1
165.C,165,C,D,48.13354167,11,7,EM,1,25.8,1,15.27048,1
165.C,165,C,D,48.13354167,11,8,EM,1,23.5,2,12.98448,1
165.C,165,C,D,48.13354167,11,7,EM,2,22.9,1,15.27048,1
165.C,165,C,D,48.13354167,11,1,EM,1,32.1,1,20.54352,1
165.C,165,C,D,48.13354167,11,3,EM,1,16.4,1,10.63752,1
165.C,165,C,D,48.13354167,11,11,CC,1,19.1,3,11.15568,0
165.C,165,C,D,48.13354167,11,6,CC,1,20,3,9.66216,0
165.C,165,C,D,48.13354167,11,2,EM,1,39.7,2,20.97024,1
165.C,165,C,D,48.13354167,11,10,CC,1,19.6,3,12.98448,0
165.C,165,C,D,48.13354167,11,5,EM,1,19.3,1,14.50848,1
165.C,165,C,D,48.13354167,11,9,CC,1,5.5,1,5.09016,1
165.C,165,C,D,48.13354167,11,4,EM,1,27.6,3,13.1064,0
165.D,165,D,H,45.79659722,18,3,CC,1,8.4,1,7.0104,1
165.D,165,D,H,45.79659722,18,16,CC,1,10.4,2,7.3152,1
165.D,165,D,H,45.79659722,18,10,EM,3,41.7,1,13.47216,1
165.D,165,D,H,45.79659722,18,2,BG,1,3.9,4,0,0
165.D,165,D,H,45.79659722,18,10,EM,2,10.4,1,13.47216,1
165.D,165,D,H,45.79659722,18,17,CC,1,10.6,1,7.22376,1
165.D,165,D,H,45.79659722,18,7,CC,1,26.5,1,14.0208,1
165.D,165,D,H,45.79659722,18,6,BG,1,2.4,3,2.286,0
165.D,165,D,H,45.79659722,18,14,CC,1,12.8,4,0,0
165.D,165,D,H,45.79659722,18,11,EM,1,37.4,1,13.74648,1
165.D,165,D,H,45.79659722,18,18,CC,1,18.6,1,13.44168,1
165.D,165,D,H,45.79659722,18,10,EM,1,11,1,13.47216,1
165.D,165,D,H,45.79659722,18,4,BG,1,2.4,4,0,0
165.D,165,D,H,45.79659722,18,13,EM,1,3.6,1,1.8288,1
165.D,165,D,H,45.79659722,18,9,CC,1,9.4,2,6.91896,1
165.D,165,D,H,45.79659722,18,12,EM,1,13.8,1,8.65632,1
165.D,165,D,H,45.79659722,18,1,CC,1,24.7,1,11.39952,1
165.D,165,D,H,45.79659722,18,15,CC,1,13.7,1,12.10056,1
165.D,165,D,H,45.79659722,18,5,CC,1,23.3,1,12.83208,1
165.D,165,D,H,45.79659722,18,8,BG,1,8.1,4,0,0
165.E,165,E,D,84.72576389,6,6,EM,2,8.4,3,6.858,0
165.E,165,E,D,84.72576389,6,5,EM,2,8,3,6.7056,0
165.E,165,E,D,84.72576389,6,4,EM,2,5.4,4,0,0
165.E,165,E,D,84.72576389,6,2,EM,3,56.4,3,10.88136,0
165.E,165,E,D,84.72576389,6,6,EM,3,4.6,4,0,0
165.E,165,E,D,84.72576389,6,2,EM,1,7.5,4,0,0
165.E,165,E,D,84.72576389,6,5,EM,4,33.5,2,13.77696,1
165.E,165,E,D,84.72576389,6,4,EM,1,14.5,3,9.144,0
165.E,165,E,D,84.72576389,6,3,EM,1,12.3,3,11.09472,0
165.E,165,E,D,84.72576389,6,5,EM,3,9.5,2,12.13104,1
165.E,165,E,D,84.72576389,6,1,EM,1,77.7,3,13.62456,0
165.E,165,E,D,84.72576389,6,5,EM,1,30.8,2,13.77696,1
165.E,165,E,D,84.72576389,6,2,EM,2,11.8,3,7.52856,0
165.E,165,E,D,84.72576389,6,6,EM,1,8.9,3,6.858,0
165.F,165,F,H,17.46194444,6,5,EM,1,26.7,1,13.62456,1
165.F,165,F,H,17.46194444,6,4,BG,1,4.4,3,3.16992,0
165.F,165,F,H,17.46194444,6,6,BG,1,4.6,3,3.2004,0
165.F,165,F,H,17.46194444,6,5,EM,2,19,1,13.62456,1
165.F,165,F,H,17.46194444,6,1,CC,1,29.1,1,14.38656,1
165.F,165,F,H,17.46194444,6,5,EM,3,18.7,1,13.62456,1
165.F,165,F,H,17.46194444,6,3,EM,2,4.6,1,6.03504,1
165.F,165,F,H,17.46194444,6,3,EM,1,9.4,1,6.03504,1
165.F,165,F,H,17.46194444,6,2,EM,1,9.7,1,10.668,1
166.A,166,A,D,43.81111111,16,16,EM,2,4.9,3,3.01752,0
166.A,166,A,D,43.81111111,16,15,EM,1,7.2,3,3.6576,0
166.A,166,A,D,43.81111111,16,14,EM,1,8,3,4.96824,0
166.A,166,A,D,43.81111111,16,6,EM,1,6.4,1,2.16408,1
166.A,166,A,D,43.81111111,16,4,EM,1,16.8,4,0,0
166.A,166,A,D,43.81111111,16,5,EM,3,15.9,3,10.3632,0
166.A,166,A,D,43.81111111,16,11,EM,1,13.4,3,10.24128,0
166.A,166,A,D,43.81111111,16,8,EM,1,10.7,3,7.43712,0
166.A,166,A,D,43.81111111,16,5,EM,4,25.9,3,12.8016,0
166.A,166,A,D,43.81111111,16,3,EM,1,7.4,1,4.05384,1
166.A,166,A,D,43.81111111,16,12,EM,1,10.6,3,7.89432,0
166.A,166,A,D,43.81111111,16,16,EM,1,4.4,3,3.01752,0
166.A,166,A,D,43.81111111,16,10,EM,1,6.3,3,5.4864,0
166.A,166,A,D,43.81111111,16,5,EM,1,22.1,3,12.8016,0
166.A,166,A,D,43.81111111,16,13,EM,1,8.9,3,8.382,0
166.A,166,A,D,43.81111111,16,7,EM,2,23.9,3,9.47928,0
166.A,166,A,D,43.81111111,16,2,EM,1,21.7,3,12.13104,0
166.A,166,A,D,43.81111111,16,5,EM,2,28.2,3,12.8016,0
166.A,166,A,D,43.81111111,16,2,EM,2,25.8,3,12.13104,0
166.A,166,A,D,43.81111111,16,9,EM,1,15.5,3,9.6012,0
166.A,166,A,D,43.81111111,16,7,EM,1,8.4,3,7.34568,0
166.A,166,A,D,43.81111111,16,1,EM,1,7.3,3,4.93776,0
166.A,166,A,D,43.81111111,16,2,EM,3,31.1,3,12.13104,0
166.B,166,B,H,121.4515278,15,5,BG,2,5.4,2,3.53568,1
166.B,166,B,H,121.4515278,15,7,EM,2,6.2,1,11.5824,1
166.B,166,B,H,121.4515278,15,6,BG,4,1.7,3,2.1336,0
166.B,166,B,H,121.4515278,15,15,CC,1,32.1,1,8.93064,1
166.B,166,B,H,121.4515278,15,14,EM,1,14.5,1,8.2296,1
166.B,166,B,H,121.4515278,15,1,BG,1,22.2,3,7.1628,0
166.B,166,B,H,121.4515278,15,2,EM,1,10.1,1,7.28472,1
166.B,166,B,H,121.4515278,15,6,BG,1,2.2,3,2.1336,0
166.B,166,B,H,121.4515278,15,7,EM,1,16.5,1,11.5824,1
166.B,166,B,H,121.4515278,15,5,BG,1,3.5,2,3.53568,1
166.B,166,B,H,121.4515278,15,9,EM,1,13.5,1,7.19328,1
166.B,166,B,H,121.4515278,15,3,EM,1,116.9,4,0,0
166.B,166,B,H,121.4515278,15,12,BG,1,5.5,4,0,0
166.B,166,B,H,121.4515278,15,8,EM,1,23.7,1,12.52728,1
166.B,166,B,H,121.4515278,15,6,BG,3,1.6,3,2.1336,0
166.B,166,B,H,121.4515278,15,13,BG,1,2.7,3,2.62128,0
166.B,166,B,H,121.4515278,15,6,BG,2,2.7,3,2.1336,0
166.B,166,B,H,121.4515278,15,10,EM,1,24.4,1,11.21664,1
166.B,166,B,H,121.4515278,15,4,BG,1,2.7,1,2.37744,1
166.B,166,B,H,121.4515278,15,11,EM,1,15.3,1,7.62,1
166.C,166,C,D,28.09715278,11,9,EM,1,3.3,3,2.25552,0
166.C,166,C,D,28.09715278,11,3,EM,1,13.7,3,10.8204,0
166.C,166,C,D,28.09715278,11,8,CC,1,20.7,3,13.4112,0
166.C,166,C,D,28.09715278,11,6,EM,1,27.1,3,14.08176,0
166.C,166,C,D,28.09715278,11,11,EM,1,21.1,4,0,0
166.C,166,C,D,28.09715278,11,4,EM,1,28,3,15.81912,0
166.C,166,C,D,28.09715278,11,7,EM,1,8.7,2,5.97408,1
166.C,166,C,D,28.09715278,11,2,EM,1,16,3,12.55776,0
166.C,166,C,D,28.09715278,11,5,EM,1,31.4,2,12.83208,1
166.C,166,C,D,28.09715278,11,10,EM,1,9.7,3,8.80872,0
166.C,166,C,D,28.09715278,11,1,EM,1,6.6,2,3.99288,1
166.D,166,D,H,63.01118056,7,3,EM,1,27.2,1,16.27632,1
166.D,166,D,H,63.01118056,7,7,EM,1,46.2,1,16.002,1
166.D,166,D,H,63.01118056,7,7,EM,2,50.9,1,16.002,1
166.D,166,D,H,63.01118056,7,7,EM,3,10.9,1,16.002,1
166.D,166,D,H,63.01118056,7,4,EM,2,28.1,1,14.41704,1
166.D,166,D,H,63.01118056,7,4,EM,1,22.5,1,14.41704,1
166.D,166,D,H,63.01118056,7,2,EM,1,7.6,1,6.43128,1
166.D,166,D,H,63.01118056,7,1,EM,1,44.2,1,14.20368,1
166.D,166,D,H,63.01118056,7,6,EM,1,9.7,1,5.91312,1
166.D,166,D,H,63.01118056,7,5,EM,1,9.4,1,6.12648,1
166.E,166,E,D,50.29659722,16,2,EM,1,10.5,3,7.62,0
166.E,166,E,D,50.29659722,16,15,EM,1,10.9,3,8.10768,0
166.E,166,E,D,50.29659722,16,7,EM,1,14.3,3,8.77824,0
166.E,166,E,D,50.29659722,16,5,EM,1,5.9,1,4.17576,1
166.E,166,E,D,50.29659722,16,1,CC,1,21.2,3,12.61872,0
166.E,166,E,D,50.29659722,16,7,EM,2,4.4,3,8.77824,0
166.E,166,E,D,50.29659722,16,9,EM,1,3.7,1,3.10896,1
166.E,166,E,D,50.29659722,16,4,EM,1,13.4,3,9.05256,0
166.E,166,E,D,50.29659722,16,10,CC,1,11.3,1,9.08304,1
166.E,166,E,D,50.29659722,16,3,EM,1,2.1,2,2.07264,1
166.E,166,E,D,50.29659722,16,8,EM,1,6.9,3,4.7244,0
166.E,166,E,D,50.29659722,16,13,EM,1,49.5,3,18.25752,0
166.E,166,E,D,50.29659722,16,6,EM,1,5.2,2,4.7244,1
166.E,166,E,D,50.29659722,16,16,EM,1,57.1,3,13.99032,0
166.E,166,E,D,50.29659722,16,14,CC,1,11,2,8.16864,1
166.E,166,E,D,50.29659722,16,12,CC,1,7.5,3,5.1816,0
166.E,166,E,D,50.29659722,16,11,EM,1,4.2,1,3.16992,1
166.F,166,F,H,57.48916667,13,8,CC,3,30,1,13.716,1
166.F,166,F,H,57.48916667,13,10,EM,2,8.1,1,2.19456,1
166.F,166,F,H,57.48916667,13,2,EM,1,34.4,1,15.48384,1
166.F,166,F,H,57.48916667,13,13,CC,1,4.6,1,2.86512,1
166.F,166,F,H,57.48916667,13,8,CC,1,31.4,1,13.716,1
166.F,166,F,H,57.48916667,13,11,EM,1,4.3,4,0,0
166.F,166,F,H,57.48916667,13,9,EM,1,4.5,1,2.10312,1
166.F,166,F,H,57.48916667,13,3,EM,1,31.5,1,14.11224,1
166.F,166,F,H,57.48916667,13,10,EM,3,2.9,1,1.73736,1
166.F,166,F,H,57.48916667,13,10,EM,1,5.9,1,2.19456,1
166.F,166,F,H,57.48916667,13,7,EM,1,23.6,1,13.80744,1
166.F,166,F,H,57.48916667,13,5,EM,1,4.2,2,2.19456,1
166.F,166,F,H,57.48916667,13,3,EM,2,10,1,14.11224,1
166.F,166,F,H,57.48916667,13,1,EM,1,42.5,2,15.66672,1
166.F,166,F,H,57.48916667,13,8,CC,2,30.3,1,13.716,1
166.F,166,F,H,57.48916667,13,11,EM,2,3.4,4,0,0
166.F,166,F,H,57.48916667,13,6,EM,1,14.2,1,10.33272,1
166.F,166,F,H,57.48916667,13,4,CC,1,16.8,1,10.85088,1
166.F,166,F,H,57.48916667,13,12,EM,1,12.4,1,9.20496,1
181.A,181,A,D,30.21902778,24,24,EM,1,8.7,3,5.7912,0
181.A,181,A,D,30.21902778,24,12,EM,1,9.1,3,5.82168,0
181.A,181,A,D,30.21902778,24,9,EM,1,14.1,3,11.55192,0
181.A,181,A,D,30.21902778,24,20,EM,1,11.9,2,4.99872,1
181.A,181,A,D,30.21902778,24,23,EM,1,13.8,3,9.23544,0
181.A,181,A,D,30.21902778,24,7,EM,3,13.7,4,0,0
181.A,181,A,D,30.21902778,24,3,EM,1,13.6,3,9.95172,0
181.A,181,A,D,30.21902778,24,8,EM,1,8.4,3,6.858,0
181.A,181,A,D,30.21902778,24,11,EM,1,17.7,3,10.14984,0
181.A,181,A,D,30.21902778,24,14,EM,1,10.1,3,8.2296,0
181.A,181,A,D,30.21902778,24,7,EM,2,12.4,3,7.37616,0
181.A,181,A,D,30.21902778,24,18,EM,1,14.1,3,10.24128,0
181.A,181,A,D,30.21902778,24,15,EM,1,3.8,3,2.19456,0
181.A,181,A,D,30.21902778,24,7,EM,1,20.8,3,12.55776,0
181.A,181,A,D,30.21902778,24,4,EM,1,20.3,3,12.74064,0
181.A,181,A,D,30.21902778,24,16,EM,1,10.4,3,2.46888,0
181.A,181,A,D,30.21902778,24,21,EM,1,13.5,3,11.2776,0
181.A,181,A,D,30.21902778,24,13,EM,1,8.1,3,6.73608,0
181.A,181,A,D,30.21902778,24,5,EM,1,13,2,7.68096,1
181.A,181,A,D,30.21902778,24,17,EM,1,6.1,3,3.41376,0
181.A,181,A,D,30.21902778,24,6,EM,1,17.6,4,0,0
181.A,181,A,D,30.21902778,24,19,EM,1,5.7,3,3.9624,0
181.A,181,A,D,30.21902778,24,10,EM,1,5.6,3,5.88264,0
181.A,181,A,D,30.21902778,24,20,EM,2,5.2,2,4.99872,1
181.A,181,A,D,30.21902778,24,2,EM,1,23.6,2,13.2588,1
181.A,181,A,D,30.21902778,24,22,EM,1,4.5,3,2.98704,0
181.A,181,A,D,30.21902778,24,1,EM,1,7.2,2,5.88264,1
181.B,181,B,H,94.02763889,15,5,EM,1,32.1,1,20.1168,1
181.B,181,B,H,94.02763889,15,8,AF,1,34.7,1,9.96696,1
181.B,181,B,H,94.02763889,15,3,BG,1,6.8,4,0,0
181.B,181,B,H,94.02763889,15,14,BG,1,6.4,3,4.35864,0
181.B,181,B,H,94.02763889,15,12,EM,1,9.2,1,5.69976,1
181.B,181,B,H,94.02763889,15,15,EM,1,12.9,1,8.71728,1
181.B,181,B,H,94.02763889,15,11,BG,2,7.9,3,5.66928,0
181.B,181,B,H,94.02763889,15,8,AF,2,36.9,1,9.96696,1
181.B,181,B,H,94.02763889,15,1,EM,2,51.5,1,18.04416,1
181.B,181,B,H,94.02763889,15,10,CC,1,14.3,1,9.17448,1
181.B,181,B,H,94.02763889,15,2,AF,1,64,1,13.59408,1
181.B,181,B,H,94.02763889,15,4,BG,1,5.7,3,3.71856,0
181.B,181,B,H,94.02763889,15,7,EM,1,8.7,1,6.58368,1
181.B,181,B,H,94.02763889,15,6,EM,1,12.8,1,9.08304,1
181.B,181,B,H,94.02763889,15,11,BG,1,11.1,3,5.66928,0
181.B,181,B,H,94.02763889,15,9,EM,1,28.8,1,10.33272,1
181.B,181,B,H,94.02763889,15,1,EM,1,36.8,1,18.04416,1
181.C,181,C,D,21.21236111,10,3,AF,1,11.7,2,7.10184,1
181.C,181,C,D,21.21236111,10,2,CC,1,17.4,3,12.43584,0
181.C,181,C,D,21.21236111,10,4,AF,1,8.4,2,6.00456,1
181.C,181,C,D,21.21236111,10,9,EM,1,17.2,4,0,0
181.C,181,C,D,21.21236111,10,6,EM,1,28.6,2,17.19072,1
181.C,181,C,D,21.21236111,10,10,EM,1,1.8,4,0,0
181.C,181,C,D,21.21236111,10,7,EM,1,22.5,4,0,0
181.C,181,C,D,21.21236111,10,1,EM,1,13.8,3,9.20496,0
181.C,181,C,D,21.21236111,10,5,CC,1,21,3,12.37488,0
181.C,181,C,D,21.21236111,10,8,EM,2,5.8,3,8.9916,0
181.C,181,C,D,21.21236111,10,8,EM,1,16,3,11.30808,0
181.D,181,D,H,77.58208333,21,20,BG,3,1.6,1,2.286,1
181.D,181,D,H,77.58208333,21,2,BG,1,8,4,0,0
181.D,181,D,H,77.58208333,21,14,BG,1,4.8,3,3.71856,0
181.D,181,D,H,77.58208333,21,1,CC,1,9.8,1,6.33984,1
181.D,181,D,H,77.58208333,21,6,BG,1,1.4,3,2.07264,0
181.D,181,D,H,77.58208333,21,20,BG,1,2.1,1,2.286,1
181.D,181,D,H,77.58208333,21,15,BG,1,5.1,3,5.09016,0
181.D,181,D,H,77.58208333,21,18,BG,1,2.9,3,2.46888,0
181.D,181,D,H,77.58208333,21,10,CC,1,22.1,1,9.54024,1
181.D,181,D,H,77.58208333,21,7,BG,1,4.4,3,3.77952,0
181.D,181,D,H,77.58208333,21,5,BG,1,6.2,4,0,0
181.D,181,D,H,77.58208333,21,17,CC,1,28.4,1,14.53896,1
181.D,181,D,H,77.58208333,21,20,BG,2,1.8,1,2.286,1
181.D,181,D,H,77.58208333,21,13,CC,1,4.5,1,3.53568,1
181.D,181,D,H,77.58208333,21,9,CC,1,5.7,1,3.16992,1
181.D,181,D,H,77.58208333,21,19,BG,1,6.2,3,4.48056,0
181.D,181,D,H,77.58208333,21,4,EM,1,13,1,12.40536,1
181.D,181,D,H,77.58208333,21,16,BG,1,3.3,1,3.26136,1
181.D,181,D,H,77.58208333,21,8,CC,1,2.1,1,2.22504,1
181.D,181,D,H,77.58208333,21,21,EM,1,92,4,0,0
181.E,181,E,D,23.63618056,17,5,EM,1,9.3,4,0,0
181.E,181,E,D,23.63618056,17,6,EM,5,8.5,4,0,0
181.E,181,E,D,23.63618056,17,7,EM,1,11.7,3,9.08304,0
181.E,181,E,D,23.63618056,17,9,CC,2,20,3,11.7348,0
181.E,181,E,D,23.63618056,17,6,EM,3,9.1,4,0,0
181.E,181,E,D,23.63618056,17,4,EM,1,2.3,3,1.9812,0
181.E,181,E,D,23.63618056,17,13,EM,3,18.6,3,12.74064,0
181.E,181,E,D,23.63618056,17,16,AF,2,4.2,2,4.14528,1
181.E,181,E,D,23.63618056,17,6,EM,2,5.3,3,4.1148,0
181.E,181,E,D,23.63618056,17,9,CC,3,18.1,3,11.7348,0
181.E,181,E,D,23.63618056,17,3,EM,1,17,4,0,0
181.E,181,E,D,23.63618056,17,15,CC,1,2.5,3,2.01168,0
181.E,181,E,D,23.63618056,17,17,EM,1,8.2,4,0,0
181.E,181,E,D,23.63618056,17,6,EM,1,6,3,4.1148,0
181.E,181,E,D,23.63618056,17,6,EM,4,9.7,4,0,0
181.E,181,E,D,23.63618056,17,11,EM,1,5,4,0,0
181.E,181,E,D,23.63618056,17,2,EM,1,5.5,2,4.05384,1
181.E,181,E,D,23.63618056,17,12,EM,1,3.5,4,0,0
181.E,181,E,D,23.63618056,17,1,EM,1,2.3,4,0,0
181.E,181,E,D,23.63618056,17,17,EM,2,7.2,4,0,0
181.E,181,E,D,23.63618056,17,13,EM,2,13,3,11.46048,0
181.E,181,E,D,23.63618056,17,17,EM,3,5.8,4,0,0
181.E,181,E,D,23.63618056,17,8,EM,1,7.1,3,4.02336,0
181.E,181,E,D,23.63618056,17,13,EM,1,17,3,12.74064,0
181.E,181,E,D,23.63618056,17,9,CC,1,18,3,11.7348,0
181.E,181,E,D,23.63618056,17,10,EM,1,8.8,3,4.32816,0
181.E,181,E,D,23.63618056,17,14,EM,1,16.2,3,10.48512,0
181.E,181,E,D,23.63618056,17,16,AF,1,8.8,2,4.14528,1
181.F,181,F,H,55.29111111,28,27,BG,1,8.6,3,6.73608,0
181.F,181,F,H,55.29111111,28,16,EM,1,51.8,1,17.92224,1
181.F,181,F,H,55.29111111,28,23,BG,1,5.1,3,4.96824,0
181.F,181,F,H,55.29111111,28,18,BG,1,3,3,2.37744,0
181.F,181,F,H,55.29111111,28,20,BG,1,5,2,3.16992,1
181.F,181,F,H,55.29111111,28,8,BG,1,7.1,3,4.90728,0
181.F,181,F,H,55.29111111,28,10,BG,1,2.5,3,2.4384,0
181.F,181,F,H,55.29111111,28,7,BG,1,3.5,3,2.49936,0
181.F,181,F,H,55.29111111,28,14,EM,1,42.4,1,20.08632,1
181.F,181,F,H,55.29111111,28,5,EM,1,46.4,1,18.288,1
181.F,181,F,H,55.29111111,28,6,EM,1,27.3,1,12.16152,1
181.F,181,F,H,55.29111111,28,1,BG,1,2.7,2,2.10312,1
181.F,181,F,H,55.29111111,28,25,BG,1,9.4,3,7.74192,0
181.F,181,F,H,55.29111111,28,17,BG,1,1.4,3,1.58496,0
181.F,181,F,H,55.29111111,28,26,BG,1,2.4,1,2.1336,1
181.F,181,F,H,55.29111111,28,22,BG,1,6.9,3,4.38912,0
181.F,181,F,H,55.29111111,28,2,BG,1,6.1,2,4.32816,1
181.F,181,F,H,55.29111111,28,24,BG,1,2.1,1,2.16408,1
181.F,181,F,H,55.29111111,28,9,BG,1,2.7,1,2.49936,1
181.F,181,F,H,55.29111111,28,19,BG,1,8.5,3,6.18744,0
181.F,181,F,H,55.29111111,28,3,BG,1,5.2,3,3.01752,0
181.F,181,F,H,55.29111111,28,21,BG,1,2.3,3,2.4384,0
181.F,181,F,H,55.29111111,28,28,BG,1,1.8,3,1.79832,0
181.F,181,F,H,55.29111111,28,4,BG,1,3.9,3,2.68224,0
181.F,181,F,H,55.29111111,28,15,BG,1,3.3,3,2.286,0
181.F,181,F,H,55.29111111,28,11,BG,1,2.6,3,2.56032,0
183.A,183,A,D,31.85069444,23,6,EM,1,4.6,3,2.80416,0
183.A,183,A,D,31.85069444,23,12,EM,2,5.3,4,0,0
183.A,183,A,D,31.85069444,23,17,EM,3,6.8,4,0,0
183.A,183,A,D,31.85069444,23,15,EM,7,8.5,4,0,0
183.A,183,A,D,31.85069444,23,5,EM,1,7.9,3,5.57784,0
183.A,183,A,D,31.85069444,23,22,EM,1,40.4,4,0,0
183.A,183,A,D,31.85069444,23,11,EM,2,3.9,4,0,0
183.A,183,A,D,31.85069444,23,14,EM,1,7.4,4,0,0
183.A,183,A,D,31.85069444,23,21,EM,2,15.1,4,0,0
183.A,183,A,D,31.85069444,23,6,EM,2,2.3,4,0,0
183.A,183,A,D,31.85069444,23,9,EM,1,7.4,3,4.35864,0
183.A,183,A,D,31.85069444,23,17,EM,2,5.9,4,0,0
183.A,183,A,D,31.85069444,23,13,EM,1,8,3,6.15696,0
183.A,183,A,D,31.85069444,23,18,EM,2,10.6,4,0,0
183.A,183,A,D,31.85069444,23,11,EM,3,3.4,4,0,0
183.A,183,A,D,31.85069444,23,8,EM,2,4.3,4,0,0
183.A,183,A,D,31.85069444,23,15,EM,4,8.6,3,4.35864,0
183.A,183,A,D,31.85069444,23,1,EM,1,9.2,3,4.29768,0
183.A,183,A,D,31.85069444,23,10,EM,2,7.1,4,0,0
183.A,183,A,D,31.85069444,23,11,EM,1,16.8,3,10.24128,0
183.A,183,A,D,31.85069444,23,19,EM,1,6.4,3,5.21208,0
183.A,183,A,D,31.85069444,23,7,EM,1,7.1,3,4.14528,0
183.A,183,A,D,31.85069444,23,19,EM,2,8.1,3,5.21208,0
183.A,183,A,D,31.85069444,23,17,EM,1,11.4,4,0,0
183.A,183,A,D,31.85069444,23,15,EM,2,4.4,4,0,0
183.A,183,A,D,31.85069444,23,20,EM,1,6.9,4,0,0
183.A,183,A,D,31.85069444,23,15,EM,6,2.4,3,2.01168,0
183.A,183,A,D,31.85069444,23,8,EM,1,13.2,3,7.13232,0
183.A,183,A,D,31.85069444,23,10,EM,1,10.5,3,7.1628,0
183.A,183,A,D,31.85069444,23,20,EM,2,7.4,4,0,0
183.A,183,A,D,31.85069444,23,15,EM,3,5.5,4,0,0
183.A,183,A,D,31.85069444,23,23,EM,1,7.6,4,0,0
183.A,183,A,D,31.85069444,23,18,EM,3,5.5,4,0,0
183.A,183,A,D,31.85069444,23,15,EM,1,12,3,3.41376,0
183.A,183,A,D,31.85069444,23,12,EM,1,8.4,4,0,0
183.A,183,A,D,31.85069444,23,1,EM,2,3.8,3,4.29768,0
183.A,183,A,D,31.85069444,23,15,EM,5,5.4,3,3.6576,0
183.A,183,A,D,31.85069444,23,4,EM,1,10.3,4,0,0
183.A,183,A,D,31.85069444,23,9,EM,2,4.4,4,0,0
183.A,183,A,D,31.85069444,23,11,EM,4,4.1,4,0,0
183.A,183,A,D,31.85069444,23,2,EM,1,3.4,4,0,0
183.A,183,A,D,31.85069444,23,18,EM,1,4.8,4,0,0
183.A,183,A,D,31.85069444,23,21,EM,1,15.4,3,8.74776,0
183.A,183,A,D,31.85069444,23,23,EM,2,4.1,4,0,0
183.A,183,A,D,31.85069444,23,16,CC,1,10.4,3,8.65632,0
183.A,183,A,D,31.85069444,23,3,EM,1,4.4,4,0,0
183.B,183,B,H,58.38743056,22,2,EM,1,41.4,1,16.85544,1
183.B,183,B,H,58.38743056,22,4,BG,2,4.4,3,4.1148,0
183.B,183,B,H,58.38743056,22,5,EM,1,5.9,1,3.048,1
183.B,183,B,H,58.38743056,22,4,BG,1,3.2,3,2.1336,0
183.B,183,B,H,58.38743056,22,21,EM,1,4.6,1,3.71856,1
183.B,183,B,H,58.38743056,22,15,EM,2,4.1,1,8.9916,1
183.B,183,B,H,58.38743056,22,3,BG,1,8,3,5.85216,0
183.B,183,B,H,58.38743056,22,15,EM,3,4.7,1,8.9916,1
183.B,183,B,H,58.38743056,22,16,EM,1,36.5,1,18.288,1
183.B,183,B,H,58.38743056,22,14,EM,2,25.1,1,8.9916,1
183.B,183,B,H,58.38743056,22,12,BG,1,17.1,1,1.95072,1
183.B,183,B,H,58.38743056,22,8,BG,1,10.7,2,5.334,1
183.B,183,B,H,58.38743056,22,18,EM,1,9,1,8.10768,1
183.B,183,B,H,58.38743056,22,6,BG,1,13.4,4,0,0
183.B,183,B,H,58.38743056,22,20,EM,1,9.5,1,9.66216,1
183.B,183,B,H,58.38743056,22,22,BG,1,8.4,1,5.66928,1
183.B,183,B,H,58.38743056,22,17,EM,1,16.7,1,12.61872,1
183.B,183,B,H,58.38743056,22,15,EM,1,7,1,8.9916,1
183.B,183,B,H,58.38743056,22,11,EM,2,18.8,1,8.74776,1
183.B,183,B,H,58.38743056,22,14,EM,1,12.2,1,15.20952,1
183.B,183,B,H,58.38743056,22,1,BG,1,3,2,2.07264,1
183.B,183,B,H,58.38743056,22,10,AF,1,10.5,1,19.56816,1
183.B,183,B,H,58.38743056,22,9,BG,1,10.6,4,0,0
183.B,183,B,H,58.38743056,22,13,BG,1,5.2,4,0,0
183.B,183,B,H,58.38743056,22,11,EM,1,44.5,1,19.56816,1
183.B,183,B,H,58.38743056,22,19,EM,1,22.4,1,15.05712,1
183.B,183,B,H,58.38743056,22,7,BG,1,12,2,7.25424,1
183.C,183,C,D,32.88006944,11,6,CC,1,34.6,1,11.70432,1
183.C,183,C,D,32.88006944,11,11,AF,1,15.6,3,7.1628,0
183.C,183,C,D,32.88006944,11,11,AF,3,16.8,3,7.1628,0
183.C,183,C,D,32.88006944,11,3,AF,1,28.8,3,8.382,0
183.C,183,C,D,32.88006944,11,10,CC,1,11,2,7.10184,1
183.C,183,C,D,32.88006944,11,8,EM,1,9.8,4,0,0
183.C,183,C,D,32.88006944,11,11,AF,2,19,3,7.1628,0
183.C,183,C,D,32.88006944,11,5,EM,1,5.1,3,2.98704,0
183.C,183,C,D,32.88006944,11,7,EM,1,9.1,3,6.15696,0
183.C,183,C,D,32.88006944,11,1,EM,1,9.5,3,6.67512,0
183.C,183,C,D,32.88006944,11,4,AF,2,31.1,2,11.82624,1
183.C,183,C,D,32.88006944,11,2,EM,1,2.8,3,2.52984,0
183.C,183,C,D,32.88006944,11,4,AF,1,15.4,2,11.82624,1
183.C,183,C,D,32.88006944,11,9,CC,1,13.9,2,9.6012,1
183.D,183,D,H,68.21402778,21,6,BG,1,2.8,2,3.77952,1
183.D,183,D,H,68.21402778,21,5,EM,1,17.5,1,8.26008,1
183.D,183,D,H,68.21402778,21,19,EM,1,7.4,1,9.02208,1
183.D,183,D,H,68.21402778,21,8,EM,1,16.5,1,9.81456,1
183.D,183,D,H,68.21402778,21,2,EM,1,24.9,1,15.33144,1
183.D,183,D,H,68.21402778,21,10,EM,1,35.9,1,17.2212,1
183.D,183,D,H,68.21402778,21,4,EM,1,26.4,1,18.16608,1
183.D,183,D,H,68.21402778,21,11,BG,1,9.4,4,0,0
183.D,183,D,H,68.21402778,21,16,EM,1,10.1,4,0,0
183.D,183,D,H,68.21402778,21,20,EM,1,21.8,1,18.50136,1
183.D,183,D,H,68.21402778,21,19,EM,2,40.8,1,9.02208,1
183.D,183,D,H,68.21402778,21,18,EM,1,14.6,1,17.28216,1
183.D,183,D,H,68.21402778,21,7,EM,1,20.5,4,0,0
183.D,183,D,H,68.21402778,21,1,BG,2,7,4,0,0
183.D,183,D,H,68.21402778,21,21,EM,1,9,1,7.95528,1
183.D,183,D,H,68.21402778,21,13,EM,1,28.3,1,13.716,1
183.D,183,D,H,68.21402778,21,20,EM,2,21.8,1,18.50136,1
183.D,183,D,H,68.21402778,21,14,AF,1,19.8,1,11.97864,1
183.D,183,D,H,68.21402778,21,1,BG,1,11.8,4,0,0
183.D,183,D,H,68.21402778,21,17,EM,1,27.5,1,10.72896,1
183.D,183,D,H,68.21402778,21,12,EM,1,10,1,10.48512,1
183.D,183,D,H,68.21402778,21,15,EM,1,7.6,1,9.69264,1
183.D,183,D,H,68.21402778,21,14,AF,2,21.3,1,11.97864,1
183.D,183,D,H,68.21402778,21,3,BG,1,2.1,3,1.92024,0
183.E,183,E,D,18.83368056,15,9,EM,2,10.8,3,5.6388,0
183.E,183,E,D,18.83368056,15,6,EM,1,10.2,3,5.24256,0
183.E,183,E,D,18.83368056,15,12,AF,2,4.3,2,2.86512,1
183.E,183,E,D,18.83368056,15,9,EM,1,6.7,3,5.6388,0
183.E,183,E,D,18.83368056,15,8,EM,2,6.5,4,0,0
183.E,183,E,D,18.83368056,15,11,CC,1,13.2,3,10.11936,0
183.E,183,E,D,18.83368056,15,3,EM,1,25.1,3,10.85088,0
183.E,183,E,D,18.83368056,15,12,AF,1,3.3,2,2.86512,1
183.E,183,E,D,18.83368056,15,4,CC,1,8.8,3,6.06552,0
183.E,183,E,D,18.83368056,15,1,EM,1,9.2,3,6.5532,0
183.E,183,E,D,18.83368056,15,6,EM,2,6.7,3,3.16992,0
183.E,183,E,D,18.83368056,15,10,EM,1,17.5,3,12.10056,0
183.E,183,E,D,18.83368056,15,14,EM,1,10.5,3,9.23544,0
183.E,183,E,D,18.83368056,15,5,AF,1,13.2,4,0,0
183.E,183,E,D,18.83368056,15,15,CC,1,8.9,3,7.10184,0
183.E,183,E,D,18.83368056,15,7,EM,1,12.4,3,8.10768,0
183.E,183,E,D,18.83368056,15,13,EM,1,9.8,2,5.12064,1
183.E,183,E,D,18.83368056,15,2,EM,1,19.8,3,12.13104,0
183.E,183,E,D,18.83368056,15,8,EM,1,7.2,4,0,0
183.F,183,F,H,49.16895833,13,9,EM,1,5.8,1,4.2672,1
183.F,183,F,H,49.16895833,13,7,EM,1,18.4,1,15.5448,1
183.F,183,F,H,49.16895833,13,12,EM,1,17.2,3,4.84632,0
183.F,183,F,H,49.16895833,13,1,EM,1,9.4,1,8.13816,1
183.F,183,F,H,49.16895833,13,13,EM,1,31.7,1,17.28216,1
183.F,183,F,H,49.16895833,13,11,EM,1,22.2,1,14.478,1
183.F,183,F,H,49.16895833,13,6,EM,1,7.3,1,7.55904,1
183.F,183,F,H,49.16895833,13,8,EM,2,18,1,15.30096,1
183.F,183,F,H,49.16895833,13,5,EM,1,14.3,1,13.74648,1
183.F,183,F,H,49.16895833,13,7,EM,3,13.5,1,15.5448,1
183.F,183,F,H,49.16895833,13,7,EM,2,19.2,1,15.5448,1
183.F,183,F,H,49.16895833,13,3,EM,1,17.3,1,10.8204,1
183.F,183,F,H,49.16895833,13,8,EM,1,28.9,1,15.30096,1
183.F,183,F,H,49.16895833,13,2,EM,1,38.7,2,21.00072,1
183.F,183,F,H,49.16895833,13,13,EM,2,17.6,1,17.28216,1
183.F,183,F,H,49.16895833,13,4,EM,1,21.4,2,14.26464,1
183.F,183,F,H,49.16895833,13,10,EM,1,15.1,1,11.06424,1
183.F,183,F,H,49.16895833,13,4,EM,2,8.1,2,14.26464,1
240.A,240,A,D,19.85527778,12,8,EM,1,2.3,1,2.10312,1
240.A,240,A,D,19.85527778,12,2,EM,1,19.2,2,5.4864,1
240.A,240,A,D,19.85527778,12,1,EM,2,19,1,5.97408,1
240.A,240,A,D,19.85527778,12,11,EM,1,16.8,3,12.0396,0
240.A,240,A,D,19.85527778,12,5,EM,1,11.5,1,7.83336,1
240.A,240,A,D,19.85527778,12,6,EM,1,3.3,4,0,0
240.A,240,A,D,19.85527778,12,10,EM,1,3.9,4,0,0
240.A,240,A,D,19.85527778,12,2,EM,2,27.5,2,14.29512,1
240.A,240,A,D,19.85527778,12,1,EM,1,8.6,4,0,0
240.A,240,A,D,19.85527778,12,9,EM,1,2.3,4,0,0
240.A,240,A,D,19.85527778,12,12,EM,1,23.6,2,12.07008,1
240.A,240,A,D,19.85527778,12,4,EM,1,11.2,2,7.04088,1
240.A,240,A,D,19.85527778,12,7,EM,1,4.5,4,0,0
240.A,240,A,D,19.85527778,12,3,EM,1,11.8,2,6.73608,1
240.A,240,A,D,19.85527778,12,8,EM,2,2.5,4,0,0
240.B,240,B,H,54.12708333,7,7,EM,3,3.6,1,2.286,1
240.B,240,B,H,54.12708333,7,4,EM,1,19.7,1,11.85672,1
240.B,240,B,H,54.12708333,7,7,EM,1,9.1,4,0,0
240.B,240,B,H,54.12708333,7,1,EM,4,19.4,4,0,0
240.B,240,B,H,54.12708333,7,1,EM,3,5.5,1,3.87096,1
240.B,240,B,H,54.12708333,7,1,EM,1,3.1,1,3.87096,1
240.B,240,B,H,54.12708333,7,5,EM,1,10.7,4,0,0
240.B,240,B,H,54.12708333,7,3,EM,2,2.1,1,2.10312,1
240.B,240,B,H,54.12708333,7,2,EM,1,70.5,1,14.05128,1
240.B,240,B,H,54.12708333,7,1,EM,2,1.4,1,3.87096,1
240.B,240,B,H,54.12708333,7,3,EM,1,2.1,1,2.10312,1
240.B,240,B,H,54.12708333,7,7,EM,2,5.5,4,0,0
240.B,240,B,H,54.12708333,7,6,EM,1,38.1,1,17.95272,1
240.B,240,B,H,54.12708333,7,2,EM,2,17.8,1,14.05128,1
240.C,240,C,D,13.13340278,14,12,EM,1,4,4,0,0
240.C,240,C,D,13.13340278,14,7,EM,2,4.7,1,4.20624,1
240.C,240,C,D,13.13340278,14,2,EM,2,9,3,5.24256,0
240.C,240,C,D,13.13340278,14,14,EM,1,4.5,4,0,0
240.C,240,C,D,13.13340278,14,7,EM,3,12.9,3,7.28472,0
240.C,240,C,D,13.13340278,14,13,EM,1,4.2,4,0,0
240.C,240,C,D,13.13340278,14,7,EM,4,8.4,3,7.28472,0
240.C,240,C,D,13.13340278,14,9,EM,2,2.9,1,2.56032,1
240.C,240,C,D,13.13340278,14,9,EM,3,5.9,4,0,0
240.C,240,C,D,13.13340278,14,5,EM,1,14.7,3,11.15568,0
240.C,240,C,D,13.13340278,14,6,EM,1,6,1,5.05968,1
240.C,240,C,D,13.13340278,14,6,EM,4,7.3,1,1.8288,1
240.C,240,C,D,13.13340278,14,1,EM,1,13.6,3,8.50392,0
240.C,240,C,D,13.13340278,14,9,EM,1,1.9,1,2.56032,1
240.C,240,C,D,13.13340278,14,10,BG,1,1.5,1,2.07264,1
240.C,240,C,D,13.13340278,14,6,EM,2,2.8,1,1.8288,1
240.C,240,C,D,13.13340278,14,7,EM,1,2.2,1,4.20624,1
240.C,240,C,D,13.13340278,14,11,BG,1,15,4,0,0
240.C,240,C,D,13.13340278,14,6,EM,3,2.9,1,1.8288,1
240.C,240,C,D,13.13340278,14,4,EM,1,21,2,13.77696,1
240.C,240,C,D,13.13340278,14,3,EM,1,10,3,4.05384,0
240.C,240,C,D,13.13340278,14,10,BG,2,8.5,1,2.07264,1
240.C,240,C,D,13.13340278,14,8,EM,1,6.5,4,0,0
240.C,240,C,D,13.13340278,14,2,EM,1,7.5,4,0,0
240.D,240,D,H,17.34548611,13,7,BG,1,10.3,4,0,0
240.D,240,D,H,17.34548611,13,11,BG,1,10.2,4,0,0
240.D,240,D,H,17.34548611,13,13,EM,1,4.7,1,2.19456,1
240.D,240,D,H,17.34548611,13,8,EM,2,19.3,4,0,0
240.D,240,D,H,17.34548611,13,12,EM,2,5.1,4,0,0
240.D,240,D,H,17.34548611,13,3,BG,1,11.5,4,0,0
240.D,240,D,H,17.34548611,13,1,CC,1,18.2,1,9.41832,1
240.D,240,D,H,17.34548611,13,5,BG,1,4.8,4,0,0
240.D,240,D,H,17.34548611,13,6,EM,1,3.3,4,0,0
240.D,240,D,H,17.34548611,13,2,BG,1,8.4,4,0,0
240.D,240,D,H,17.34548611,13,8,EM,1,32.2,1,18.62328,1
240.D,240,D,H,17.34548611,13,10,BG,1,9.6,4,0,0
240.D,240,D,H,17.34548611,13,12,EM,1,6.1,1,3.90144,1
240.D,240,D,H,17.34548611,13,4,BG,1,9,4,0,0
240.D,240,D,H,17.34548611,13,9,BG,1,7.2,4,0,0
240.E,240,E,D,16.13423611,9,7,EM,1,2.5,1,2.25552,1
240.E,240,E,D,16.13423611,9,2,EM,1,15.1,3,5.54736,0
240.E,240,E,D,16.13423611,9,9,EM,1,12.9,1,6.43128,1
240.E,240,E,D,16.13423611,9,6,EM,1,31.2,3,11.33856,0
240.E,240,E,D,16.13423611,9,2,EM,2,9.9,3,5.54736,0
240.E,240,E,D,16.13423611,9,8,EM,2,4.5,4,0,0
240.E,240,E,D,16.13423611,9,7,EM,2,2.3,1,2.25552,1
240.E,240,E,D,16.13423611,9,4,EM,1,2.4,1,2.10312,1
240.E,240,E,D,16.13423611,9,3,EM,1,2.5,1,2.07264,1
240.E,240,E,D,16.13423611,9,1,EM,1,28.1,2,13.8684,1
240.E,240,E,D,16.13423611,9,5,EM,1,3.8,2,2.46888,1
240.E,240,E,D,16.13423611,9,8,EM,1,3.1,1,2.95656,1
240.F,240,F,H,31.36097222,9,8,CC,3,7.1,1,4.69392,1
240.F,240,F,H,31.36097222,9,8,CC,4,13.5,4,0,0
240.F,240,F,H,31.36097222,9,1,EM,1,18.4,1,10.42416,1
240.F,240,F,H,31.36097222,9,2,EM,1,19.6,1,11.79576,1
240.F,240,F,H,31.36097222,9,9,EM,2,4.1,1,3.26136,1
240.F,240,F,H,31.36097222,9,8,CC,1,4,1,4.69392,1
240.F,240,F,H,31.36097222,9,3,EM,1,24.9,1,13.5636,1
240.F,240,F,H,31.36097222,9,9,EM,1,3.9,1,3.26136,1
240.F,240,F,H,31.36097222,9,5,CC,1,15.7,1,10.2108,1
240.F,240,F,H,31.36097222,9,7,CC,1,38.5,1,16.88592,1
240.F,240,F,H,31.36097222,9,4,EM,1,23.8,1,14.66088,1
240.F,240,F,H,31.36097222,9,8,CC,5,13.9,4,0,0
240.F,240,F,H,31.36097222,9,8,CC,2,6.5,1,4.69392,1
240.F,240,F,H,31.36097222,9,6,EM,1,13.2,1,8.47344,1
240.F,240,F,H,31.36097222,9,9,EM,3,13.7,4,0,0
27.A,27,A,D,32.124325,17,16,EM,2,2.6,1,2.10312,1
27.A,27,A,D,32.124325,17,10,EM,1,0.9,2,2.10312,1
27.A,27,A,D,32.124325,17,14,EM,1,18,3,8.74776,0
27.A,27,A,D,32.124325,17,11,EM,3,0.8,3,6.12648,0
27.A,27,A,D,32.124325,17,9,EM,1,10.7,3,5.66928,0
27.A,27,A,D,32.124325,17,6,EM,3,1.9,3,3.048,0
27.A,27,A,D,32.124325,17,3,EM,4,0.8,3,10.30224,0
27.A,27,A,D,32.124325,17,11,EM,2,0.8,3,6.12648,0
27.A,27,A,D,32.124325,17,4,EM,2,2.6,3,3.23088,0
27.A,27,A,D,32.124325,17,10,EM,2,1.4,2,2.10312,1
27.A,27,A,D,32.124325,17,6,EM,2,1.7,3,3.048,0
27.A,27,A,D,32.124325,17,3,EM,1,16.1,3,10.30224,0
27.A,27,A,D,32.124325,17,9,EM,3,9.9,3,5.66928,0
27.A,27,A,D,32.124325,17,17,EM,2,1.8,3,10.75944,0
27.A,27,A,D,32.124325,17,3,EM,2,17,3,10.30224,0
27.A,27,A,D,32.124325,17,7,EM,1,1.4,3,2.5908,0
27.A,27,A,D,32.124325,17,2,EM,1,3.19,3,9.26592,0
27.A,27,A,D,32.124325,17,2,EM,4,34.8,3,9.26592,0
27.A,27,A,D,32.124325,17,12,EM,2,1.7,3,2.8956,0
27.A,27,A,D,32.124325,17,1,EM,2,1.74,3,4.75488,0
27.A,27,A,D,32.124325,17,12,EM,1,1.7,3,2.8956,0
27.A,27,A,D,32.124325,17,6,EM,1,2.1,3,3.048,0
27.A,27,A,D,32.124325,17,13,EM,1,1.8,3,2.98704,0
27.A,27,A,D,32.124325,17,7,EM,2,1.6,3,2.5908,0
27.A,27,A,D,32.124325,17,2,EM,2,4.71,3,9.26592,0
27.A,27,A,D,32.124325,17,3,EM,3,16.4,3,10.30224,0
27.A,27,A,D,32.124325,17,4,EM,1,1.7,3,3.23088,0
27.A,27,A,D,32.124325,17,5,EM,1,3.4,3,3.56616,0
27.A,27,A,D,32.124325,17,15,EM,1,2.7,3,3.3528,0
27.A,27,A,D,32.124325,17,11,EM,1,0.7,3,6.12648,0
27.A,27,A,D,32.124325,17,15,EM,2,0.7,3,3.3528,0
27.A,27,A,D,32.124325,17,17,EM,1,23.2,3,10.75944,0
27.A,27,A,D,32.124325,17,16,EM,1,1.3,1,2.10312,1
27.A,27,A,D,32.124325,17,1,EM,1,8.4,3,4.75488,0
27.A,27,A,D,32.124325,17,2,EM,5,0.75,3,9.26592,0
27.A,27,A,D,32.124325,17,11,EM,4,33.1,3,6.12648,0
27.A,27,A,D,32.124325,17,2,EM,3,3.35,3,9.26592,0
27.A,27,A,D,32.124325,17,12,EM,3,8.5,3,2.8956,0
27.A,27,A,D,32.124325,17,8,EM,1,2.4,2,2.31648,1
27.A,27,A,D,32.124325,17,9,EM,2,12.7,3,5.66928,0
27.B,27,B,H,56.398125,15,8,EM,5,2.7,1,3.01752,1
27.B,27,B,H,56.398125,15,3,EM,1,0.6,1,2.01168,1
27.B,27,B,H,56.398125,15,1,EM,1,7.5,1,3.71856,1
27.B,27,B,H,56.398125,15,13,EM,1,7.3,1,5.21208,1
27.B,27,B,H,56.398125,15,6,EM,1,0.9,1,1.70688,1
27.B,27,B,H,56.398125,15,15,EM,1,8.9,1,4.17576,1
27.B,27,B,H,56.398125,15,1,EM,2,0.9,1,3.71856,1
27.B,27,B,H,56.398125,15,8,EM,4,1.2,1,3.01752,1
27.B,27,B,H,56.398125,15,4,EM,1,0.8,1,2.19456,1
27.B,27,B,H,56.398125,15,8,EM,2,2.6,1,3.01752,1
27.B,27,B,H,56.398125,15,5,EM,1,51.7,1,12.55776,1
27.B,27,B,H,56.398125,15,5,EM,2,63.8,1,12.55776,1
27.B,27,B,H,56.398125,15,13,EM,2,9.5,1,5.21208,1
27.B,27,B,H,56.398125,15,12,EM,1,9.1,1,4.4196,1
27.B,27,B,H,56.398125,15,14,EM,1,8.1,1,3.6576,1
27.B,27,B,H,56.398125,15,9,CC,1,19.1,1,11.03376,1
27.B,27,B,H,56.398125,15,9,CC,2,13.2,1,11.03376,1
27.B,27,B,H,56.398125,15,2,EM,1,0.8,1,2.19456,1
27.B,27,B,H,56.398125,15,8,EM,1,2.6,1,3.01752,1
27.B,27,B,H,56.398125,15,11,CC,1,12.1,1,4.69392,1
27.B,27,B,H,56.398125,15,8,EM,3,0.8,1,3.01752,1
27.B,27,B,H,56.398125,15,7,EM,1,1,1,1.88976,1
27.B,27,B,H,56.398125,15,12,EM,2,0.9,1,4.4196,1
27.B,27,B,H,56.398125,15,10,EM,1,15.4,1,8.77824,1
27.C,27,C,D,27.13659722,6,5,CC,1,2.9,2,1.88976,1
27.C,27,C,D,27.13659722,6,2,EM,1,19.4,3,9.41832,0
27.C,27,C,D,27.13659722,6,3,EM,1,42.5,3,16.85544,0
27.C,27,C,D,27.13659722,6,2,EM,2,1.8,3,1.85928,0
27.C,27,C,D,27.13659722,6,4,EM,1,15.4,2,11.21664,1
27.C,27,C,D,27.13659722,6,6,EM,1,31.5,3,17.16024,0
27.C,27,C,D,27.13659722,6,1,EM,1,22,2,13.04544,1
27.D,27,D,H,15.94243056,7,3,EM,1,8.9,1,4.54152,1
27.D,27,D,H,15.94243056,7,1,EM,1,9.3,1,7.13232,1
27.D,27,D,H,15.94243056,7,2,EM,1,18,2,12.43584,1
27.D,27,D,H,15.94243056,7,6,CC,1,24,1,20.23872,1
27.D,27,D,H,15.94243056,7,7,EM,1,14.7,1,10.69848,1
27.D,27,D,H,15.94243056,7,4,EM,1,28.4,1,12.77112,1
27.D,27,D,H,15.94243056,7,5,EM,1,14.4,1,11.79576,1
27.E,27,E,D,74.49458333,12,7,EM,1,2.4,3,2.16408,0
27.E,27,E,D,74.49458333,12,4,EM,1,38,3,16.6116,0
27.E,27,E,D,74.49458333,12,2,EM,1,2.2,1,2.56032,1
27.E,27,E,D,74.49458333,12,6,EM,1,45.1,3,18.98904,0
27.E,27,E,D,74.49458333,12,3,EM,1,4.1,2,2.77368,1
27.E,27,E,D,74.49458333,12,8,CC,1,81.4,1,12.10056,1
27.E,27,E,D,74.49458333,12,2,EM,2,2.7,1,2.56032,1
27.E,27,E,D,74.49458333,12,7,EM,2,1.7,3,2.16408,0
27.E,27,E,D,74.49458333,12,9,EM,1,8.8,3,5.0292,0
27.E,27,E,D,74.49458333,12,11,CC,1,2,1,1.8288,1
27.E,27,E,D,74.49458333,12,12,CC,2,2.4,1,1.8288,1
27.E,27,E,D,74.49458333,12,7,EM,3,1,3,2.16408,0
27.E,27,E,D,74.49458333,12,1,EM,1,2.8,1,1.88976,1
27.E,27,E,D,74.49458333,12,2,EM,3,3.3,1,2.56032,1
27.E,27,E,D,74.49458333,12,10,CC,1,2.8,1,2.46888,1
27.E,27,E,D,74.49458333,12,5,EM,1,21.7,3,11.70432,0
27.F,27,F,H,43.30555556,6,5,EM,2,1.6,1,1.64592,1
27.F,27,F,H,43.30555556,6,4,EM,1,68.4,1,18.71472,1
27.F,27,F,H,43.30555556,6,1,EM,1,19.8,1,12.00912,1
27.F,27,F,H,43.30555556,6,2,EM,1,19.4,1,12.86256,1
27.F,27,F,H,43.30555556,6,3,EM,1,22.7,1,11.00328,1
27.F,27,F,H,43.30555556,6,5,EM,3,2.4,1,1.64592,1
27.F,27,F,H,43.30555556,6,6,EM,3,2.2,1,1.18872,1
27.F,27,F,H,43.30555556,6,6,EM,1,2.7,1,1.18872,1
27.F,27,F,H,43.30555556,6,5,EM,1,2.2,1,1.64592,1
27.F,27,F,H,43.30555556,6,6,EM,2,3.1,1,1.18872,1
27.F,27,F,H,43.30555556,6,2,EM,2,15.4,1,12.86256,1
27.F,27,F,H,43.30555556,6,5,EM,4,1.3,1,1.64592,1
5.A,5,A,D,52.65986111,9,3,EM,5,11.1,3,9.63168,0
5.A,5,A,D,52.65986111,9,1,EM,1,24.8,3,6.03504,0
5.A,5,A,D,52.65986111,9,7,EM,1,25,3,16.42872,0
5.A,5,A,D,52.65986111,9,8,EM,1,11.7,2,14.08176,1
5.A,5,A,D,52.65986111,9,3,EM,4,11.9,3,9.63168,0
5.A,5,A,D,52.65986111,9,6,EM,1,15.2,2,12.71016,1
5.A,5,A,D,52.65986111,9,8,EM,2,18.5,2,14.08176,1
5.A,5,A,D,52.65986111,9,4,EM,1,18,4,0,0
5.A,5,A,D,52.65986111,9,5,EM,1,12.5,2,8.19912,1
5.A,5,A,D,52.65986111,9,2,EM,1,23.4,3,9.23544,0
5.A,5,A,D,52.65986111,9,9,EM,1,59.6,2,14.90472,1
5.A,5,A,D,52.65986111,9,3,EM,1,9.1,3,9.63168,0
5.A,5,A,D,52.65986111,9,6,EM,2,21.8,2,12.71016,1
5.A,5,A,D,52.65986111,9,3,EM,2,10,3,9.63168,0
5.A,5,A,D,52.65986111,9,3,EM,3,11.4,3,9.63168,0
5.B,5,B,H,18.07819444,4,1,EM,1,23.7,1,15.02664,1
5.B,5,B,H,18.07819444,4,3,EM,2,20,1,10.30224,1
5.B,5,B,H,18.07819444,4,2,CC,1,22.9,1,15.81912,1
5.B,5,B,H,18.07819444,4,3,EM,1,14.2,1,10.30224,1
5.B,5,B,H,18.07819444,4,4,EM,1,27.6,1,15.30096,1
5.B,5,B,H,18.07819444,4,4,EM,2,12.4,1,15.30096,1
5.C,5,C,D,59.77576389,13,12,EM,1,35.1,3,13.68552,0
5.C,5,C,D,59.77576389,13,10,EM,1,29.6,3,6.61416,0
5.C,5,C,D,59.77576389,13,4,EM,2,20.5,2,12.83208,1
5.C,5,C,D,59.77576389,13,12,EM,2,37.4,3,13.68552,0
5.C,5,C,D,59.77576389,13,2,EM,1,35.2,3,4.38912,0
5.C,5,C,D,59.77576389,13,13,AF,3,6,3,4.32816,0
5.C,5,C,D,59.77576389,13,9,EM,1,10.3,3,7.7724,0
5.C,5,C,D,59.77576389,13,13,AF,2,7.8,3,4.32816,0
5.C,5,C,D,59.77576389,13,3,EM,1,24.8,4,0,0
5.C,5,C,D,59.77576389,13,13,AF,1,7.4,3,4.32816,0
5.C,5,C,D,59.77576389,13,6,EM,1,12.3,3,6.7056,0
5.C,5,C,D,59.77576389,13,5,EM,1,6.5,2,3.13944,1
5.C,5,C,D,59.77576389,13,1,EM,1,17.7,3,13.74648,0
5.C,5,C,D,59.77576389,13,4,EM,1,29.8,2,13.47216,1
5.C,5,C,D,59.77576389,13,8,EM,1,6.2,3,4.84632,0
5.C,5,C,D,59.77576389,13,11,EM,1,10.8,2,3.93192,1
5.C,5,C,D,59.77576389,13,8,EM,2,8,3,4.84632,0
5.C,5,C,D,59.77576389,13,7,EM,1,30.9,3,11.7348,0
5.D,5,D,H,33.12131944,6,6,EM,2,13.8,1,10.9728,1
5.D,5,D,H,33.12131944,6,3,EM,1,10.9,1,3.99288,1
5.D,5,D,H,33.12131944,6,5,EM,1,17.8,1,14.69136,1
5.D,5,D,H,33.12131944,6,6,EM,3,13.7,1,10.9728,1
5.D,5,D,H,33.12131944,6,6,EM,4,12.8,1,10.9728,1
5.D,5,D,H,33.12131944,6,6,EM,1,6.1,1,10.9728,1
5.D,5,D,H,33.12131944,6,2,EM,2,13.7,1,9.7536,1
5.D,5,D,H,33.12131944,6,5,EM,2,17.9,1,14.69136,1
5.D,5,D,H,33.12131944,6,1,EM,1,18.6,1,10.08888,1
5.D,5,D,H,33.12131944,6,4,CC,1,48.2,1,13.8684,1
5.D,5,D,H,33.12131944,6,6,EM,5,14.2,1,10.9728,1
5.D,5,D,H,33.12131944,6,2,EM,3,14.1,1,9.7536,1
5.D,5,D,H,33.12131944,6,2,EM,1,13.3,1,9.7536,1
5.E,5,E,D,30.66444444,16,2,EM,1,16.8,2,11.21664,1
5.E,5,E,D,30.66444444,16,16,EM,1,10.1,1,9.20496,1
5.E,5,E,D,30.66444444,16,13,EM,2,11.7,2,5.88264,1
5.E,5,E,D,30.66444444,16,8,EM,1,8.7,2,8.13816,1
5.E,5,E,D,30.66444444,16,11,EM,1,14.9,4,0,0
5.E,5,E,D,30.66444444,16,14,EM,1,16,1,10.27176,1
5.E,5,E,D,30.66444444,16,15,EM,2,11,2,9.66216,1
5.E,5,E,D,30.66444444,16,12,EM,1,8,1,7.62,1
5.E,5,E,D,30.66444444,16,5,EM,1,26.1,2,14.11224,1
5.E,5,E,D,30.66444444,16,7,EM,1,13.5,2,10.75944,1
5.E,5,E,D,30.66444444,16,3,EM,1,4.5,3,2.10312,0
5.E,5,E,D,30.66444444,16,1,EM,1,21.3,3,14.38656,0
5.E,5,E,D,30.66444444,16,6,EM,1,11.8,3,9.81456,0
5.E,5,E,D,30.66444444,16,4,EM,2,6.5,1,4.90728,1
5.E,5,E,D,30.66444444,16,15,EM,1,28.1,1,9.66216,1
5.E,5,E,D,30.66444444,16,13,EM,1,8.7,2,5.88264,1
5.E,5,E,D,30.66444444,16,9,EM,1,22.8,2,13.77696,1
5.E,5,E,D,30.66444444,16,4,EM,1,8.5,1,4.90728,1
5.E,5,E,D,30.66444444,16,10,EM,1,13.4,2,11.33856,1
5.F,5,F,H,24.0525,7,2,EM,10,5.9,1,8.90016,1
5.F,5,F,H,24.0525,7,5,EM,1,14.9,1,13.13688,1
5.F,5,F,H,24.0525,7,2,EM,7,6.2,1,8.90016,1
5.F,5,F,H,24.0525,7,1,EM,5,21.5,1,11.15568,1
5.F,5,F,H,24.0525,7,2,EM,8,9.7,1,8.90016,1
5.F,5,F,H,24.0525,7,2,EM,3,8.2,1,8.90016,1
5.F,5,F,H,24.0525,7,1,EM,2,15.3,1,11.15568,1
5.F,5,F,H,24.0525,7,4,EM,1,7,2,4.7244,1
5.F,5,F,H,24.0525,7,2,EM,2,9.7,1,8.90016,1
5.F,5,F,H,24.0525,7,1,EM,4,20.6,1,11.15568,1
5.F,5,F,H,24.0525,7,6,BG,1,7,4,0,0
5.F,5,F,H,24.0525,7,3,EM,1,7.2,1,3.99288,1
5.F,5,F,H,24.0525,7,1,EM,3,20.5,1,11.15568,1
5.F,5,F,H,24.0525,7,2,EM,5,7.3,1,8.90016,1
5.F,5,F,H,24.0525,7,1,EM,1,18.3,1,11.15568,1
5.F,5,F,H,24.0525,7,2,EM,9,6.1,1,8.90016,1
5.F,5,F,H,24.0525,7,7,EM,1,22,1,11.79576,1
5.F,5,F,H,24.0525,7,2,EM,6,9.1,1,8.90016,1
5.F,5,F,H,24.0525,7,2,EM,1,11.6,4,0,0
5.F,5,F,H,24.0525,7,2,EM,4,8.2,1,8.90016,1
5.F,5,F,H,24.0525,7,4,EM,2,5.3,2,4.7244,1
74.A,74,A,D,164.7723611,15,8,CC,2,9.5,3,7.07136,0
74.A,74,A,D,164.7723611,15,3,EM,1,6.7,1,4.63296,1
74.A,74,A,D,164.7723611,15,10,AF,3,14.7,3,8.96112,0
74.A,74,A,D,164.7723611,15,10,AF,2,15.4,3,8.96112,0
74.A,74,A,D,164.7723611,15,6,AF,2,11.1,2,5.91312,1
74.A,74,A,D,164.7723611,15,13,EM,1,70.2,3,13.19784,0
74.A,74,A,D,164.7723611,15,2,EM,1,60.7,2,12.07008,1
74.A,74,A,D,164.7723611,15,4,AF,1,19.1,3,7.04088,0
74.A,74,A,D,164.7723611,15,9,EM,1,17.3,2,9.144,1
74.A,74,A,D,164.7723611,15,10,AF,4,16.3,3,8.96112,0
74.A,74,A,D,164.7723611,15,7,AF,1,9.8,3,6.27888,0
74.A,74,A,D,164.7723611,15,9,EM,2,5,2,4.4196,1
74.A,74,A,D,164.7723611,15,14,EM,1,18.1,3,10.33272,0
74.A,74,A,D,164.7723611,15,12,EM,1,33.3,3,8.90016,0
74.A,74,A,D,164.7723611,15,11,EM,1,3.5,2,2.71272,1
74.A,74,A,D,164.7723611,15,10,AF,1,14.5,3,8.96112,0
74.A,74,A,D,164.7723611,15,10,AF,5,6.4,3,8.96112,0
74.A,74,A,D,164.7723611,15,8,CC,1,9,3,7.07136,0
74.A,74,A,D,164.7723611,15,6,AF,1,17.3,2,5.91312,1
74.A,74,A,D,164.7723611,15,5,AF,1,15,3,6.4008,0
74.A,74,A,D,164.7723611,15,1,EM,1,105.1,3,14.08176,0
74.B,74,B,H,30.40708333,7,4,EM,1,36.8,1,17.34312,1
74.B,74,B,H,30.40708333,7,2,AF,1,1.9,1,1.9812,1
74.B,74,B,H,30.40708333,7,7,BG,1,17.3,4,0,0
74.B,74,B,H,30.40708333,7,3,AF,1,31.3,1,7.71144,1
74.B,74,B,H,30.40708333,7,1,EM,1,24.8,1,17.61744,1
74.B,74,B,H,30.40708333,7,6,BG,1,4.5,1,1.85928,1
74.B,74,B,H,30.40708333,7,5,EM,1,18,1,15.81912,1
74.B,74,B,H,30.40708333,7,5,EM,2,27.7,1,15.81912,1
74.B,74,B,H,30.40708333,7,6,BG,2,3.9,1,1.85928,1
74.C,74,C,D,127.9365972,7,3,EM,1,80.2,2,13.80744,1
74.C,74,C,D,127.9365972,7,5,EM,1,38.4,2,6.49224,1
74.C,74,C,D,127.9365972,7,4,EM,1,36.1,3,8.96112,0
74.C,74,C,D,127.9365972,7,6,EM,1,41.9,3,12.67968,0
74.C,74,C,D,127.9365972,7,7,EM,1,62.8,3,15.0876,0
74.C,74,C,D,127.9365972,7,1,EM,1,57.5,2,13.07592,1
74.C,74,C,D,127.9365972,7,2,EM,1,14.4,1,8.93064,1
74.D,74,D,H,83.91076389,9,5,EM,1,21,1,13.01496,1
74.D,74,D,H,83.91076389,9,2,EM,1,21.7,1,14.7828,1
74.D,74,D,H,83.91076389,9,7,AF,2,78.3,2,11.55192,1
74.D,74,D,H,83.91076389,9,2,EM,2,16.8,1,14.7828,1
74.D,74,D,H,83.91076389,9,2,EM,3,19.8,1,14.7828,1
74.D,74,D,H,83.91076389,9,3,AF,1,9.1,2,6.06552,1
74.D,74,D,H,83.91076389,9,1,CC,1,6.1,1,4.32816,1
74.D,74,D,H,83.91076389,9,2,EM,4,19.1,1,14.7828,1
74.D,74,D,H,83.91076389,9,6,BG,1,1.1,3,1.58496,0
74.D,74,D,H,83.91076389,9,9,EM,1,22.9,1,14.87424,1
74.D,74,D,H,83.91076389,9,4,BG,1,4.2,3,3.13944,0
74.D,74,D,H,83.91076389,9,8,EM,1,13.4,1,9.47928,1
74.D,74,D,H,83.91076389,9,7,AF,1,56.2,2,11.55192,1
74.E,74,E,D,102.3025,18,6,EM,2,1.6,2,1.95072,1
74.E,74,E,D,102.3025,18,11,EM,1,11,3,5.334,0
74.E,74,E,D,102.3025,18,1,EM,1,9.1,2,6.33984,1
74.E,74,E,D,102.3025,18,2,EM,3,14.1,3,8.41248,0
74.E,74,E,D,102.3025,18,18,EM,4,30,3,9.26592,0
74.E,74,E,D,102.3025,18,11,EM,7,6.3,3,5.334,0
74.E,74,E,D,102.3025,18,2,EM,1,16,3,8.41248,0
74.E,74,E,D,102.3025,18,11,EM,6,11.2,3,5.334,0
74.E,74,E,D,102.3025,18,11,EM,5,3.5,3,5.334,0
74.E,74,E,D,102.3025,18,15,EM,1,87.1,3,9.69264,0
74.E,74,E,D,102.3025,18,11,EM,4,9.1,3,5.334,0
74.E,74,E,D,102.3025,18,9,CC,1,13.4,1,8.10768,1
74.E,74,E,D,102.3025,18,14,EM,1,7.6,3,11.70432,0
74.E,74,E,D,102.3025,18,18,EM,2,9.7,3,9.26592,0
74.E,74,E,D,102.3025,18,11,EM,3,14.4,3,5.334,0
74.E,74,E,D,102.3025,18,11,EM,2,11.1,3,5.334,0
74.E,74,E,D,102.3025,18,17,EM,1,18.2,3,8.96112,0
74.E,74,E,D,102.3025,18,18,EM,1,6.8,3,9.26592,0
74.E,74,E,D,102.3025,18,2,EM,2,11.7,3,8.41248,0
74.E,74,E,D,102.3025,18,6,EM,1,2.8,2,1.95072,1
74.E,74,E,D,102.3025,18,5,EM,1,57.7,4,0,0
74.E,74,E,D,102.3025,18,7,EM,2,17.1,3,5.27304,0
74.E,74,E,D,102.3025,18,7,EM,1,8.1,3,5.27304,0
74.E,74,E,D,102.3025,18,18,EM,3,12.6,3,9.26592,0
74.E,74,E,D,102.3025,18,4,CC,1,9.4,2,6.76656,1
74.E,74,E,D,102.3025,18,3,CC,1,10,3,6.49224,0
74.F,74,F,H,138.9560417,53,38,CC,1,2.8,1,3.16992,1
74.F,74,F,H,138.9560417,53,7,BG,1,5.5,3,4.48056,0
74.F,74,F,H,138.9560417,53,41,BG,1,3.9,1,4.45008,1
74.F,74,F,H,138.9560417,53,8,AF,5,9.6,1,6.7056,1
74.F,74,F,H,138.9560417,53,8,AF,3,12.7,1,6.7056,1
74.F,74,F,H,138.9560417,53,46,BG,1,5.5,1,5.12064,1
74.F,74,F,H,138.9560417,53,11,EM,1,135,1,20.08632,1
74.F,74,F,H,138.9560417,53,8,AF,1,11.6,1,6.7056,1
74.F,74,F,H,138.9560417,53,8,AF,2,13.5,1,6.7056,1
74.F,74,F,H,138.9560417,53,8,AF,6,12.1,1,6.7056,1
74.F,74,F,H,138.9560417,53,47,BG,1,6.8,4,0,0
74.F,74,F,H,138.9560417,53,12,BG,1,5.2,4,0,0
74.F,74,F,H,138.9560417,53,8,AF,4,8.2,1,6.7056,1
87.A,87,A,D,28.54527778,19,9,EM,1,11.1,3,6.30936,0
87.A,87,A,D,28.54527778,19,10,EM,1,15.3,3,9.02208,0
87.A,87,A,D,28.54527778,19,8,EM,1,16.1,3,7.55904,0
87.A,87,A,D,28.54527778,19,7,EM,1,11.7,3,7.83336,0
87.A,87,A,D,28.54527778,19,5,CC,1,11.5,1,6.91896,1
87.A,87,A,D,28.54527778,19,12,EM,1,16,4,0,0
87.A,87,A,D,28.54527778,19,6,CC,1,11.1,1,6.73608,1
87.A,87,A,D,28.54527778,19,14,CC,1,12.9,2,7.0104,1
87.A,87,A,D,28.54527778,19,19,CC,1,7.2,1,3.16992,1
87.A,87,A,D,28.54527778,19,17,EM,1,45.4,2,11.55192,1
87.A,87,A,D,28.54527778,19,11,EM,1,8.7,2,4.93776,1
87.A,87,A,D,28.54527778,19,13,EM,1,4.8,3,3.77952,0
87.A,87,A,D,28.54527778,19,9,EM,2,7.5,3,6.30936,0
87.A,87,A,D,28.54527778,19,16,CC,1,3.5,1,2.25552,1
87.A,87,A,D,28.54527778,19,2,EM,1,19.2,3,8.9916,0
87.B,87,B,H,18.786875,4,2,EM,1,46.3,1,11.43,1
87.B,87,B,H,18.786875,4,4,EM,1,14.7,1,8.74776,1
87.B,87,B,H,18.786875,4,3,EM,1,10.7,1,6.43128,1
87.C,87,C,D,40.28743056,3,1,EM,1,20.7,3,14.26464,0
87.C,87,C,D,40.28743056,3,1,EM,2,21.3,3,14.26464,0
87.C,87,C,D,40.28743056,3,3,CC,1,3.9,1,2.10312,1
87.C,87,C,D,40.28743056,3,2,CC,1,70,1,12.00912,1
87.C,87,C,D,40.28743056,3,3,CC,2,2,1,2.10312,1
87.D,87,D,H,60.19701389,4,2,EM,1,11.8,1,7.19328,1
87.D,87,D,H,60.19701389,4,3,EM,1,24.3,1,12.74064,1
87.D,87,D,H,60.19701389,4,4,EM,1,89,1,13.99032,1
87.D,87,D,H,60.19701389,4,1,CC,1,4.2,1,2.19456,1
87.E,87,E,D,36.08395833,13,9,AF,2,31.7,2,6.91896,1
87.E,87,E,D,36.08395833,13,9,AF,1,31,2,6.91896,1
87.E,87,E,D,36.08395833,13,7,AF,3,8.1,2,2.95656,1
87.E,87,E,D,36.08395833,13,2,EM,1,3.5,2,1.9812,1
87.E,87,E,D,36.08395833,13,13,EM,1,2.2,1,1.76784,1
87.E,87,E,D,36.08395833,13,10,EM,1,3.7,3,2.34696,0
87.E,87,E,D,36.08395833,13,1,EM,1,18.3,2,9.05256,1
87.E,87,E,D,36.08395833,13,5,CC,1,32.3,1,15.3924,1
87.E,87,E,D,36.08395833,13,7,AF,1,9,2,2.95656,1
87.E,87,E,D,36.08395833,13,3,EM,1,22.4,4,0,0
87.E,87,E,D,36.08395833,13,8,EM,1,24.6,2,12.98448,1
87.E,87,E,D,36.08395833,13,10,EM,2,3,3,2.34696,0
87.E,87,E,D,36.08395833,13,12,EM,1,11.1,1,2.34696,1
87.E,87,E,D,36.08395833,13,11,EM,1,7.1,3,2.86512,0
87.E,87,E,D,36.08395833,13,7,AF,4,9.1,2,2.95656,1
87.E,87,E,D,36.08395833,13,7,AF,2,5.5,2,2.95656,1
87.E,87,E,D,36.08395833,13,6,CC,1,11.5,1,7.34568,1
87.E,87,E,D,36.08395833,13,2,EM,2,1.7,2,1.9812,1
87.E,87,E,D,36.08395833,13,4,EM,1,11.7,1,6.91896,1
87.F,87,F,H,49.64888889,4,2,EM,1,47.2,1,16.48968,1
87.F,87,F,H,49.64888889,4,4,EM,1,66.4,1,21.15312,1
87.F,87,F,H,49.64888889,4,1,EM,1,19.2,1,9.144,1
87.F,87,F,H,49.64888889,4,3,EM,1,12,1,6.73608,1
99.A,99,A,D,48.28013889,13,11,CC,1,20.8,1,7.9248,1
99.A,99,A,D,48.28013889,13,10,CC,1,11.3,1,8.44296,1
99.A,99,A,D,48.28013889,13,4,CC,1,8.2,1,5.334,1
99.A,99,A,D,48.28013889,13,6,CC,1,23,2,14.29512,1
99.A,99,A,D,48.28013889,13,8,EM,1,37.4,2,14.11224,1
99.A,99,A,D,48.28013889,13,5,CC,1,21.6,2,11.79576,1
99.A,99,A,D,48.28013889,13,1,CC,1,46.7,2,18.62328,1
99.A,99,A,D,48.28013889,13,13,CC,1,23.6,1,12.00912,1
99.A,99,A,D,48.28013889,13,2,EM,1,9,1,5.36448,1
99.A,99,A,D,48.28013889,13,3,CC,1,8.3,1,5.54736,1
99.A,99,A,D,48.28013889,13,12,CC,1,9.5,1,8.74776,1
99.A,99,A,D,48.28013889,13,9,EM,1,24.1,2,6.94944,1
99.A,99,A,D,48.28013889,13,2,EM,2,3.8,1,5.36448,1
99.B,99,B,H,66.10618056,7,3,EM,2,18,1,17.92224,1
99.B,99,B,H,66.10618056,7,6,CC,1,41.7,1,20.7264,1
99.B,99,B,H,66.10618056,7,4,EM,1,34.3,1,13.80744,1
99.B,99,B,H,66.10618056,7,1,CC,1,11.4,1,7.68096,1
99.B,99,B,H,66.10618056,7,3,EM,1,33.9,1,17.92224,1
99.B,99,B,H,66.10618056,7,2,EM,1,12.1,1,7.55904,1
99.B,99,B,H,66.10618056,7,5,EM,1,69.3,1,18.98904,1
99.C,99,C,D,32.68611111,13,5,EM,2,8.2,2,4.75488,1
99.C,99,C,D,32.68611111,13,3,CC,1,35.5,3,6.94944,0
99.C,99,C,D,32.68611111,13,9,EM,1,9.1,3,7.9248,0
99.C,99,C,D,32.68611111,13,6,EM,3,11.3,2,8.10768,1
99.C,99,C,D,32.68611111,13,5,EM,1,7.8,2,4.75488,1
99.C,99,C,D,32.68611111,13,6,EM,1,5.1,2,2.71272,1
99.C,99,C,D,32.68611111,13,4,EM,1,13.2,2,8.90016,1
99.C,99,C,D,32.68611111,13,9,EM,2,9.2,3,7.9248,0
99.C,99,C,D,32.68611111,13,12,CC,1,18,2,12.55776,1
99.C,99,C,D,32.68611111,13,6,EM,4,9.3,4,0,0
99.C,99,C,D,32.68611111,13,5,EM,4,9.1,4,0,0
99.C,99,C,D,32.68611111,13,13,EM,2,5.1,2,10.24128,1
99.C,99,C,D,32.68611111,13,6,EM,2,2.9,2,2.86512,1
99.C,99,C,D,32.68611111,13,5,EM,5,7,4,0,0
99.C,99,C,D,32.68611111,13,5,EM,3,9.8,4,0,0
99.C,99,C,D,32.68611111,13,1,EM,1,11,3,7.62,0
99.C,99,C,D,32.68611111,13,7,EM,1,6.3,1,2.95656,1
99.C,99,C,D,32.68611111,13,8,EM,1,39.6,3,19.53768,0
99.C,99,C,D,32.68611111,13,5,EM,6,5.5,4,0,0
99.C,99,C,D,32.68611111,13,5,EM,7,4.4,4,0,0
99.C,99,C,D,32.68611111,13,11,CC,1,3.8,1,3.5052,1
99.C,99,C,D,32.68611111,13,2,CC,1,5.8,2,3.71856,1
99.C,99,C,D,32.68611111,13,13,EM,1,16.7,3,10.24128,0
99.C,99,C,D,32.68611111,13,10,CC,1,6.7,1,7.25424,1
99.D,99,D,H,23.09479167,7,3,EM,1,14.1,1,11.82624,1
99.D,99,D,H,23.09479167,7,6,EM,1,21.5,1,17.43456,1
99.D,99,D,H,23.09479167,7,2,CC,1,26.4,1,17.55648,1
99.D,99,D,H,23.09479167,7,1,CC,1,13.5,1,8.16864,1
99.D,99,D,H,23.09479167,7,4,CC,1,16.5,1,13.22832,1
99.D,99,D,H,23.09479167,7,7,EM,1,38.3,1,20.23872,1
99.D,99,D,H,23.09479167,7,5,CC,1,6.8,1,4.60248,1
99.E,99,E,D,47.81277778,18,15,EM,2,4.7,1,4.23672,1
99.E,99,E,D,47.81277778,18,16,EM,1,13.4,2,14.3256,1
99.E,99,E,D,47.81277778,18,6,EM,1,7.8,1,6.64464,1
99.E,99,E,D,47.81277778,18,4,EM,1,41,3,18.56232,0
99.E,99,E,D,47.81277778,18,17,CC,1,15.9,3,11.09472,0
99.E,99,E,D,47.81277778,18,6,EM,4,2.6,1,6.64464,1
99.E,99,E,D,47.81277778,18,5,CC,2,2.2,4,0,0
99.E,99,E,D,47.81277778,18,7,EM,1,11.2,1,8.26008,1
99.E,99,E,D,47.81277778,18,16,EM,3,24.7,2,14.3256,1
99.E,99,E,D,47.81277778,18,3,CC,1,11.5,1,10.45464,1
99.E,99,E,D,47.81277778,18,4,EM,2,49.1,3,18.56232,0
99.E,99,E,D,47.81277778,18,6,EM,3,1.7,1,6.64464,1
99.E,99,E,D,47.81277778,18,12,EM,2,4.1,1,7.7724,1
99.E,99,E,D,47.81277778,18,10,CC,1,1.5,2,2.1336,1
99.E,99,E,D,47.81277778,18,17,CC,2,9.8,1,11.09472,1
99.E,99,E,D,47.81277778,18,15,CC,1,3.5,1,4.23672,1
99.E,99,E,D,47.81277778,18,6,EM,5,4,4,0,0
99.E,99,E,D,47.81277778,18,16,EM,5,2.4,1,14.3256,1
99.E,99,E,D,47.81277778,18,15,EM,3,4.7,4,0,0
99.E,99,E,D,47.81277778,18,6,EM,2,8.7,1,6.64464,1
99.E,99,E,D,47.81277778,18,16,EM,4,3.6,1,14.3256,1
99.E,99,E,D,47.81277778,18,16,EM,6,5.5,4,0,0
99.E,99,E,D,47.81277778,18,16,EM,7,8.1,4,0,0
99.E,99,E,D,47.81277778,18,9,CC,1,1.8,3,2.07264,0
99.E,99,E,D,47.81277778,18,14,CC,1,8.4,2,7.71144,1
99.E,99,E,D,47.81277778,18,5,CC,1,3.4,1,3.6576,1
99.E,99,E,D,47.81277778,18,13,EM,1,2.7,2,4.1148,1
99.E,99,E,D,47.81277778,18,12,EM,1,9.4,1,7.7724,1
99.E,99,E,D,47.81277778,18,11,EM,1,5.2,2,3.3528,1
99.E,99,E,D,47.81277778,18,1,CC,1,10.4,1,6.52272,1
99.E,99,E,D,47.81277778,18,2,CC,1,8.6,1,9.54024,1
99.E,99,E,D,47.81277778,18,16,EM,2,24.3,3,14.3256,0
99.E,99,E,D,47.81277778,18,8,EM,1,7.7,1,5.09016,1
99.F,99,F,H,84.39506944,6,1,EM,2,8.7,1,5.97408,1
99.F,99,F,H,84.39506944,6,2,EM,1,59,1,22.43328,1
99.F,99,F,H,84.39506944,6,1,EM,3,8.1,1,5.97408,1
99.F,99,F,H,84.39506944,6,1,EM,1,5.8,1,5.97408,1
99.F,99,F,H,84.39506944,6,4,CC,1,26.5,1,14.96568,1
99.F,99,F,H,84.39506944,6,5,CC,1,3.4,1,3.6576,1
99.F,99,F,H,84.39506944,6,6,EM,3,6,4,0,0
99.F,99,F,H,84.39506944,6,6,EM,4,11.5,4,0,0
99.F,99,F,H,84.39506944,6,6,EM,2,10.2,1,19.72056,1
99.F,99,F,H,84.39506944,6,6,EM,1,83.8,1,19.72056,1
99.F,99,F,H,84.39506944,6,3,CC,1,22.1,1,14.35608,1
